Postcode Area;Post town;Content Area;Content Code;Op Co;TIS;Other TIS;Character Count;Locality ID;Found Locality Name
LA;Askam-in-Furness;Barrow;BNF;Cumbria & North Lancashire;"SNW, ANE";"SIN, STR, SWB";16;ZYX26843;Askam In Furness
LA;Barrow-in-Furness;Barrow;BNF;Cumbria & North Lancashire;"SNW, ANE";"SIN, STR, SWB";17;ZYX2688;"Barrow-In-Furness, Cumbria"
LA;Broughton-in-Furness;Barrow;BNF;Cumbria & North Lancashire;"SNW, ANE";"SIN, STR, SWB";20;ZYX1919;"Broughton In Furness, Cumbria"
LA;Dalton-in-Furness;Barrow;BNF;Cumbria & North Lancashire;"SNW, ANE";"SIN, STR, SWB";17;ZYX2692;"Dalton-In-Furness, Cumbria"
LA;Grange-over-Sands;Barrow;BNF;Cumbria & North Lancashire;"SNW, ANE";"SIN, STR, SWB";17;ZYX3070;"Grange-Over-Sands, Cumbria"
LA;Kirkby-in-Furness;Barrow;BNF;Cumbria & North Lancashire;"SNW, ANE";"SIN, STR, SWB";17;ZYX1931;Kirkby-in-Furness
LA;Millom;Barrow;BNF;Cumbria & North Lancashire;"SNW, ANE";"SIN, STR, SWB";6;ZYX2687;"Millom, Cumbria"
LA;Ulverston;Barrow;BNF;Cumbria & North Lancashire;"SNW, ANE";"SIN, STR, SWB";9;ZYX2698;"Ulverston, Cumbria"
CA;Alston;Carlisle;CPW;Cumbria & North Lancashire;"SNW, ANE";"SIN, STR, SWB";6;ZYX2518;"Alston, Cumbria"
DG;Annan;Carlisle;CPW;Cumbria & North Lancashire;"SNW, ANE";"SIN, STR, SWB";5;ZYX15584;"Annan, Dumfries & Galloway"
CA;Brampton;Carlisle;CPW;Cumbria & North Lancashire;"SNW, ANE";"SIN, STR, SWB";8;ZYX26436;"Brampton, Cumbria"
CA;Carlisle;Carlisle;CPW;Cumbria & North Lancashire;"SNW, ANE";"SIN, STR, SWB";8;ZYX2743;"Carlisle, Cumbria"
NE;Corbridge;Carlisle;CPW;Cumbria & North Lancashire;"SNW, ANE";"SIN, STR, SWB";9;ZYX24107;"Corbridge, Northumberland"
DG;Gretna;Carlisle;CPW;Cumbria & North Lancashire;"SNW, ANE";"SIN, STR, SWB";6;ZYX16472;"Gretna, Dumfries & Galloway"
NE;Haltwhistle;Carlisle;CPW;Cumbria & North Lancashire;"SNW, ANE";"SIN, STR, SWB";11;ZYX24100;"Haltwhistle, Northumberland"
NE;Hexham;Carlisle;CPW;Cumbria & North Lancashire;"SNW, ANE";"SIN, STR, SWB";6;ZYX24104;"Hexham, Northumberland"
CA;Penrith;Carlisle;CPW;Cumbria & North Lancashire;"SNW, ANE";"SIN, STR, SWB";7;ZYX2783;"Penrith, Cumbria"
CA;Wigton;Carlisle;CPW;Cumbria & North Lancashire;"SNW, ANE";"SIN, STR, SWB";6;ZYX2693;"Wigton, Cumbria"
LA;Ambleside;Kendal & The Lakes;KTL;Cumbria & North Lancashire;"SNW, ANE";"SIN, STR, SWB";9;ZYX2736;"Ambleside, Cumbria"
CA;Appleby-in-Westmorland;Kendal & The Lakes;KTL;Cumbria & North Lancashire;"SNW, ANE";"SIN, STR, SWB";22;ZYX26841;Appleby-in-Westmorland
LA;Coniston;Kendal & The Lakes;KTL;Cumbria & North Lancashire;"SNW, ANE";"SIN, STR, SWB";8;ZYX1970;"Coniston, Cumbria"
LA;Kendal;Kendal & The Lakes;KTL;Cumbria & North Lancashire;"SNW, ANE";"SIN, STR, SWB";6;ZYX2782;"Kendal, Cumbria"
CA;Keswick;Kendal & The Lakes;KTL;Cumbria & North Lancashire;"SNW, ANE";"SIN, STR, SWB";7;ZYX2695;"Keswick, Cumbria"
CA;Kirkby Stephen;Kendal & The Lakes;KTL;Cumbria & North Lancashire;"SNW, ANE";"SIN, STR, SWB";14;ZYX2589;"Kirkby Stephen, Cumbria"
LA;Milnthorpe;Kendal & The Lakes;KTL;Cumbria & North Lancashire;"SNW, ANE";"SIN, STR, SWB";10;ZYX3031;"Milnthorpe, Cumbria"
LA;Sedbergh;Kendal & The Lakes;KTL;Cumbria & North Lancashire;"SNW, ANE";"SIN, STR, SWB";8;ZYX2477;"Sedbergh, Cumbria"
LA;Windermere;Kendal & The Lakes;KTL;Cumbria & North Lancashire;"SNW, ANE";"SIN, STR, SWB";10;ZYX2746;"Windermere, Cumbria"
LA;Carnforth;Morecambe & Lancaster;MNL;Cumbria & North Lancashire;"SNW, ANE";"SIN, STR, SWB";9;ZYX2775;"Carnforth, Lancashire"
LA;Lancaster;Morecambe & Lancaster;MNL;Cumbria & North Lancashire;"SNW, ANE";"SIN, STR, SWB";9;ZYX2766;"Lancaster, Lancashire"
LA;Morecambe;Morecambe & Lancaster;MNL;Cumbria & North Lancashire;"SNW, ANE";"SIN, STR, SWB";9;ZYX2753;"Morecambe, Lancashire"
CA;Beckermet;West Cumbria;WCA;Cumbria & North Lancashire;"SNW, ANE";"SIN, STR, SWB";9;ZYX1848;"Beckermet, Cumbria"
CA;Cleator;West Cumbria;WCA;Cumbria & North Lancashire;"SNW, ANE";"SIN, STR, SWB";7;ZYX1850;"Cleator, Cumbria"
CA;Cleator Moor;West Cumbria;WCA;Cumbria & North Lancashire;"SNW, ANE";"SIN, STR, SWB";12;ZYX1852;"Cleator Moor, Cumbria"
CA;Cockermouth;West Cumbria;WCA;Cumbria & North Lancashire;"SNW, ANE";"SIN, STR, SWB";11;ZYX2684;"Cockermouth, Cumbria"
CA;Egremont;West Cumbria;WCA;Cumbria & North Lancashire;"SNW, ANE";"SIN, STR, SWB";8;ZYX1849;"Egremont, Cumbria"
CA;Frizington;West Cumbria;WCA;Cumbria & North Lancashire;"SNW, ANE";"SIN, STR, SWB";10;ZYX1856;"Frizington, Cumbria"
CA;Holmrook;West Cumbria;WCA;Cumbria & North Lancashire;"SNW, ANE";"SIN, STR, SWB";8;ZYX1863;"Holmrook, Cumbria"
CA;Maryport;West Cumbria;WCA;Cumbria & North Lancashire;"SNW, ANE";"SIN, STR, SWB";8;ZYX2681;"Maryport, Cumbria"
CA;Moor Row;West Cumbria;WCA;Cumbria & North Lancashire;"SNW, ANE";"SIN, STR, SWB";8;ZYX26842;Moor Row
CA;Ravenglass;West Cumbria;WCA;Cumbria & North Lancashire;"SNW, ANE";"SIN, STR, SWB";10;ZYX3067;"Ravenglass, Cumbria"
CA;Seascale;West Cumbria;WCA;Cumbria & North Lancashire;"SNW, ANE";"SIN, STR, SWB";8;ZYX2680;"Seascale, Cumbria"
CA;St Bees;West Cumbria;WCA;Cumbria & North Lancashire;"SNW, ANE";"SIN, STR, SWB";7;ZYX2672;"St Bees, Cumbria"
CA;Whitehaven;West Cumbria;WCA;Cumbria & North Lancashire;"SNW, ANE";"SIN, STR, SWB";10;ZYX2673;"Whitehaven, Cumbria"
CA;Workington;West Cumbria;WCA;Cumbria & North Lancashire;"SNW, ANE";"SIN, STR, SWB";10;ZYX2677;"Workington, Cumbria"
SG;Arlesey;Bedfordshire;BDE;East;"CA, STB, VI, FE, NFKG";"NFKG, ST, SOX, ST, CA";7;ZYX21688;"Arlesey, Bedfordshire"
MK;Bedford;Bedfordshire;BDE;East;"CA, STB, VI, FE, NFKG";"NFKG, ST, SOX, ST, CA";7;ZYX3448;"Bedford Town Centre, Bedfordshire"
SG;Biggleswade;Bedfordshire;BDE;East;"CA, STB, VI, FE, NFKG";"NFKG, ST, SOX, ST, CA";11;ZYX24960;"Biggleswade, Bedfordshire"
MK;Buckingham;Bedfordshire;BDE;East;"CA, STB, VI, FE, NFKG";"NFKG, ST, SOX, ST, CA";10;ZYX24259;"Buckingham, Buckinghamshire"
SG;Henlow;Bedfordshire;BDE;East;"CA, STB, VI, FE, NFKG";"NFKG, ST, SOX, ST, CA";6;ZYX21632;"Henlow, Bedfordshire"
SG;Hitchin;Bedfordshire;BDE;East;"CA, STB, VI, FE, NFKG";"NFKG, ST, SOX, ST, CA";7;ZYX3472;"Hitchin Town Centre, Hertfordshire"
LU;Luton;Bedfordshire;BDE;East;"CA, STB, VI, FE, NFKG";"NFKG, ST, SOX, ST, CA";5;ZYX24408;"Luton, Luton"
MK;Newport Pagnell;Bedfordshire;BDE;East;"CA, STB, VI, FE, NFKG";"NFKG, ST, SOX, ST, CA";15;ZYX24305;"Newport Pagnell, Milton Keynes"
MK;Olney;Bedfordshire;BDE;East;"CA, STB, VI, FE, NFKG";"NFKG, ST, SOX, ST, CA";5;ZYX3462;"Olney, Bedfordshire"
SG;Sandy;Bedfordshire;BDE;East;"CA, STB, VI, FE, NFKG";"NFKG, ST, SOX, ST, CA";5;ZYX24452;"Sandy, Bedfordshire"
SG;Shefford;Bedfordshire;BDE;East;"CA, STB, VI, FE, NFKG";"NFKG, ST, SOX, ST, CA";8;ZYX21559;"Shefford, Bedfordshire"
SG;Stevenage;Bedfordshire;BDE;East;"CA, STB, VI, FE, NFKG";"NFKG, ST, SOX, ST, CA";9;ZYX24471;"Stevenage, Hertfordshire"
CB;Cambridge;Cambridgeshire;CBE;East;"CA, STB, VI, FE, NFKG";"NFKG, ST, SOX, ST, CA";9;ZYX3482;"Cambridge City Centre, Cambridgeshire"
PE;Chatteris;Cambridgeshire;CBE;East;"CA, STB, VI, FE, NFKG";"NFKG, ST, SOX, ST, CA";9;ZYX24611;"Chatteris, Cambridgeshire"
CB;Ely;Cambridgeshire;CBE;East;"CA, STB, VI, FE, NFKG";"NFKG, ST, SOX, ST, CA";3;ZYX3488;"Ely, Cambridgeshire"
CB;Haverhill;Cambridgeshire;CBE;East;"CA, STB, VI, FE, NFKG";"NFKG, ST, SOX, ST, CA";9;ZYX22705;"Haverhill, Suffolk"
PE;Huntingdon;Cambridgeshire;CBE;East;"CA, STB, VI, FE, NFKG";"NFKG, ST, SOX, ST, CA";10;ZYX3496;"Huntingdon Town Centre, Cambridgeshire"
PE;March;Cambridgeshire;CBE;East;"CA, STB, VI, FE, NFKG";"NFKG, ST, SOX, ST, CA";5;ZYX24962;"March, Cambridgeshire"
CB;Newmarket;Cambridgeshire;CBE;East;"CA, STB, VI, FE, NFKG";"NFKG, ST, SOX, ST, CA";9;ZYX3493;"Newmarket Town Centre, Suffolk"
SG;Royston;Cambridgeshire;CBE;East;"CA, STB, VI, FE, NFKG";"NFKG, ST, SOX, ST, CA";7;ZYX24583;"Royston, Hertfordshire"
CB;Saffron Walden;Cambridgeshire;CBE;East;"CA, STB, VI, FE, NFKG";"NFKG, ST, SOX, ST, CA";14;ZYX3490;"Saffron Walden, Essex"
PE;St Ives;Cambridgeshire;CBE;East;"CA, STB, VI, FE, NFKG";"NFKG, ST, SOX, ST, CA";7;ZYX24965;"St Ives, Cambridgeshire"
PE;St Neots;Cambridgeshire;CBE;East;"CA, STB, VI, FE, NFKG";"NFKG, ST, SOX, ST, CA";8;ZYX24465;"St Neots, Cambridgeshire"
NR;Cromer;Norfolk Green;NFG;East;"CA, STB, VI, FE, NFKG";"NFKG, ST, SOX, ST, CA";6;ZYX24891;"Cromer, Norfolk"
NR;Fakenham;Norfolk Green;NFG;East;"CA, STB, VI, FE, NFKG";"NFKG, ST, SOX, ST, CA";8;ZYX24816;"Fakenham, Norfolk"
NR;Holt;Norfolk Green;NFG;East;"CA, STB, VI, FE, NFKG";"NFKG, ST, SOX, ST, CA";4;ZYX24844;"Holt, Norfolk"
NR;Norwich;Norfolk Green;NFG;East;"CA, STB, VI, FE, NFKG";"NFKG, ST, SOX, ST, CA";7;ZYX24871;"Norwich, Norfolk"
NR;Little Fransham;Norfolk Green;NFG;East;"CA, STB, VI, FE, NFKG";"NFKG, ST, SOX, ST, CA";15;ZYX23140;"Little Fransham, Norfolk"
NR;Little Walsingham;Norfolk Green;NFG;East;"CA, STB, VI, FE, NFKG";"NFKG, ST, SOX, ST, CA";17;ZYX23196;"Little Walsingham, Norfolk"
NR;Sheringham;Norfolk Green;NFG;East;"CA, STB, VI, FE, NFKG";"NFKG, ST, SOX, ST, CA";10;ZYX24866;"Sheringham, Norfolk"
NR;Wells-next-the-Sea;Norfolk Green;NFG;East;"CA, STB, VI, FE, NFKG";"NFKG, ST, SOX, ST, CA";18;ZYX23161;"Wells-Next-The-Sea, Norfolk"
PE;Downham Market;Norfolk Green;NFG;East;"CA, STB, VI, FE, NFKG";"NFKG, ST, SOX, ST, CA";14;ZYX24717;"Downham Market, Norfolk"
PE;Hunstanton;Norfolk Green;NFG;East;"CA, STB, VI, FE, NFKG";"NFKG, ST, SOX, ST, CA";10;ZYX22710;"Hunstanton, Norfolk"
PE;King's Lynn;Norfolk Green;NFG;East;"CA, STB, VI, FE, NFKG";"NFKG, ST, SOX, ST, CA";11;ZYX22593;"King's Lynn, Norfolk"
PE;Sandringham;Norfolk Green;NFG;East;"CA, STB, VI, FE, NFKG";"NFKG, ST, SOX, ST, CA";11;ZYX22748;"Sandringham, Norfolk"
PE;Spalding;Norfolk Green;NFG;East;"CA, STB, VI, FE, NFKG";"NFKG, ST, SOX, ST, CA";8;ZYX24508;"Spalding, Lincolnshire"
PE;Swaffham;Norfolk Green;NFG;East;"CA, STB, VI, FE, NFKG";"NFKG, ST, SOX, ST, CA";8;ZYX24787;"Swaffham, Norfolk"
PE;Wisbech;Norfolk Green;NFG;East;"CA, STB, VI, FE, NFKG";"NFKG, ST, SOX, ST, CA";7;ZYX24653;"Wisbech, Cambridgeshire"
PE;Peterborough;Peterborough;PBH;East;"CA, STB, VI, FE, NFKG";"NFKG, ST, SOX, ST, CA";12;ZYX3500;"Peterborough City Centre, Cambridgeshire"
DN;Gainsborough;Gainsborough;GBG;East Midlands;"SLI, SNE, EYMS, HYT, TBB";"STM, YTC";12;ZYX24290;"Gainsborough, Lincolnshire"
DN;Retford;Retford;RFD;East Midlands;"SLI, SNE, EYMS, HYT, TBB";"STM, YTC";7;ZYX24263;"Retford, Nottinghamshire"
DN;Barnetby;Grimsby/Cleethorpes;GCS;East Midlands;"SLI, SNE, EYMS, HYT, TBB";"STM, YTC";8;ZYX26836;Barnetby
DN;Barrow-upon-Humber;Grimsby/Cleethorpes;GCS;East Midlands;"SLI, SNE, EYMS, HYT, TBB";"STM, YTC";18;ZYX21375;"Barrow Upon Humber, North Lincolnshire"
DN;Cleethorpes;Grimsby/Cleethorpes;GCS;East Midlands;"SLI, SNE, EYMS, HYT, TBB";"STM, YTC";11;ZYX24552;"Cleethorpes, North East Lincolnshire"
DN;Grimsby;Grimsby/Cleethorpes;GCS;East Midlands;"SLI, SNE, EYMS, HYT, TBB";"STM, YTC";7;ZYX24524;"Grimsby, North East Lincolnshire"
DN;Immingham;Grimsby/Cleethorpes;GCS;East Midlands;"SLI, SNE, EYMS, HYT, TBB";"STM, YTC";9;ZYX21675;"Immingham, North East Lincolnshire"
DN;Ulceby;Grimsby/Cleethorpes;GCS;East Midlands;"SLI, SNE, EYMS, HYT, TBB";"STM, YTC";6;ZYX25967;"Ulceby, North East Lincolnshire"
HU;Brough;Hull;HUL;East Midlands;"SLI, SNE, EYMS, HYT, TBB";"STM, YTC";6;ZYX844;"Brough, East Riding of Yorkshire"
HU;Cottingham;Hull;HUL;East Midlands;"SLI, SNE, EYMS, HYT, TBB";"STM, YTC";10;ZYX818;"Cottingham, East Riding Of Yorkshire"
HU;Hessle;Hull;HUL;East Midlands;"SLI, SNE, EYMS, HYT, TBB";"STM, YTC";6;ZYX814;"Hessle, East Riding Of Yorkshire"
HU;Hull;Hull;HUL;East Midlands;"SLI, SNE, EYMS, HYT, TBB";"STM, YTC";4;ZYX25918;"Hull, Kingston Upon Hull City Of"
HU;North Ferriby;Hull;HUL;East Midlands;"SLI, SNE, EYMS, HYT, TBB";"STM, YTC";13;ZYX838;"North Ferriby, East Riding Of Yorkshire"
LN;Alford (Lincolnshire);Lincoln;LCN;East Midlands;"SLI, SNE, EYMS, HYT, TBB";"STM, YTC";21;ZYX22299;"Alford, Lincolnshire"
LN;Horncastle;Lincoln;LCN;East Midlands;"SLI, SNE, EYMS, HYT, TBB";"STM, YTC";10;ZYX24519;"Horncastle, Lincolnshire"
LN;Lincoln;Lincoln;LCN;East Midlands;"SLI, SNE, EYMS, HYT, TBB";"STM, YTC";7;ZYX24343;"Lincoln, Lincolnshire"
LN;Louth;Lincoln;LCN;East Midlands;"SLI, SNE, EYMS, HYT, TBB";"STM, YTC";5;ZYX24570;"Louth, Lincolnshire"
LN;Mablethorpe;Lincoln;LCN;East Midlands;"SLI, SNE, EYMS, HYT, TBB";"STM, YTC";11;ZYX24672;"Mablethorpe, Lincolnshire"
LN;Market Rasen;Lincoln;LCN;East Midlands;"SLI, SNE, EYMS, HYT, TBB";"STM, YTC";12;ZYX24413;"Market Rasen, Lincolnshire"
NG;Grantham;Mansfield;MSD;East Midlands;"SLI, SNE, EYMS, HYT, TBB";"STM, YTC";8;ZYX24325;"Grantham, Lincolnshire"
NG;Mansfield;Mansfield;MSD;East Midlands;"SLI, SNE, EYMS, HYT, TBB";"STM, YTC";9;ZYX24222;"Mansfield, Nottinghamshire"
NG;Newark;Newark;NWK;East Midlands;"SLI, SNE, EYMS, HYT, TBB";"STM, YTC";6;ZYX25886;"Newark;Nottinghamshire"
NG;Nottingham;Mansfield;MSD;East Midlands;"SLI, SNE, EYMS, HYT, TBB";"STM, YTC";10;ZYX24233;"Nottingham, Nottinghamshire"
NG;Sleaford;Mansfield;MSD;East Midlands;"SLI, SNE, EYMS, HYT, TBB";"STM, YTC";8;ZYX24391;"Sleaford, Lincolnshire"
DN;Barton-upon-Humber;Scunthorpe;STE;East Midlands;"SLI, SNE, EYMS, HYT, TBB";"STM, YTC";18;ZYX21247;"Barton-Upon-Humber, North Lincolnshire"
DN;Brigg;Scunthorpe;STE;East Midlands;"SLI, SNE, EYMS, HYT, TBB";"STM, YTC";5;ZYX24363;"Brigg, North Lincolnshire"
DN;Goole;Scunthorpe;STE;East Midlands;"SLI, SNE, EYMS, HYT, TBB";"STM, YTC";5;ZYX802;"Goole, East Riding Of Yorkshire"
DN;Scunthorpe;Scunthorpe;STE;East Midlands;"SLI, SNE, EYMS, HYT, TBB";"STM, YTC";10;ZYX24319;"Scunthorpe, North Lincolnshire"
PE;Boston;Skegness;SGS;East Midlands;"SLI, SNE, EYMS, HYT, TBB";"STM, YTC";6;ZYX24565;"Boston, Lincolnshire"
PE;Skegness;Skegness;SGS;East Midlands;"SLI, SNE, EYMS, HYT, TBB";"STM, YTC";8;ZYX24698;"Skegness, Lincolnshire"
PE;Splisby;Skegness;SGS;East Midlands;"SLI, SNE, EYMS, HYT, TBB";"STM, YTC";7;ZYX22178;Spilsby
S;Worksop;Worksop;WSP;East Midlands;"SLI, SNE, EYMS, HYT, TBB";"STM, YTC";7;ZYX24240;"Worksop, Nottinghamshire"
PH;Blairgowrie;"Alyth, Blairgowrie & Coupar Angus";ABC;East Scotland;"SPH, STY, REN, SIF";"BB, SWB";11;ZYX15777;"Blairgowrie, Perth & Kinross"
DD;Arbroath;"Arbroath, Montrose and the Mearns Coast";AMC;East Scotland;"SPH, STY, REN, SIF";"BB, SWB";8;ZYX15592;"Arbroath, Angus"
DD;Montrose;"Arbroath, Montrose and the Mearns Coast";AMC;East Scotland;"SPH, STY, REN, SIF";"BB, SWB";8;ZYX16969;"Montrose, Angus"
FK;Alloa;"Clackmannanshire, Falkirk & Stirling";CFS;East Scotland;"SPH, STY, REN, SIF";"BB, SWB";5;ZYX15574;"Alloa, Clackmannanshire"
FK;Alva;"Clackmannanshire, Falkirk & Stirling";CFS;East Scotland;"SPH, STY, REN, SIF";"BB, SWB";4;ZYX15579;"Alva, Clackmannanshire"
FK;Clackmannan;"Clackmannanshire, Falkirk & Stirling";CFS;East Scotland;"SPH, STY, REN, SIF";"BB, SWB";11;ZYX15974;"Clackmannan, Clackmannanshire"
FK;Dollar;"Clackmannanshire, Falkirk & Stirling";CFS;East Scotland;"SPH, STY, REN, SIF";"BB, SWB";6;ZYX16159;"Dollar, Clackmannanshire"
FK;Dunblane;"Clackmannanshire, Falkirk & Stirling";CFS;East Scotland;"SPH, STY, REN, SIF";"BB, SWB";8;ZYX16210;"Dunblane, Stirling"
FK;Falkirk;"Clackmannanshire, Falkirk & Stirling";CFS;East Scotland;"SPH, STY, REN, SIF";"BB, SWB";7;ZYX16310;"Falkirk, Falkirk"
FK;Grangemouth;"Clackmannanshire, Falkirk & Stirling";CFS;East Scotland;"SPH, STY, REN, SIF";"BB, SWB";11;ZYX16458;"Grangemouth, Falkirk"
FK;Larbert;"Clackmannanshire, Falkirk & Stirling";CFS;East Scotland;"SPH, STY, REN, SIF";"BB, SWB";7;ZYX16765;"Larbert, Falkirk"
FK;Menstrie;"Clackmannanshire, Falkirk & Stirling";CFS;East Scotland;"SPH, STY, REN, SIF";"BB, SWB";8;ZYX16931;"Menstrie, Clackmannanshire"
FK;Stirling;"Clackmannanshire, Falkirk & Stirling";CFS;East Scotland;"SPH, STY, REN, SIF";"BB, SWB";8;ZYX17379;"Stirling, Stirling"
FK;Tillicoultry;"Clackmannanshire, Falkirk & Stirling";CFS;East Scotland;"SPH, STY, REN, SIF";"BB, SWB";12;ZYX17450;"Tillicoultry, Clackmannanshire"
DD;Carnoustie;Dundee;DND;East Scotland;"SPH, STY, REN, SIF";"BB, SWB";10;ZYX15924;"Carnoustie, Angus"
DD;Dundee;Dundee;DND;East Scotland;"SPH, STY, REN, SIF";"BB, SWB";6;ZYX16215;"Dundee, Dundee City"
DD;Newport on Tay;Dundee;DND;East Scotland;"SPH, STY, REN, SIF";"BB, SWB";14;ZYX17041;"Newport-On-Tay, Fife"
DD;Tayport;Dundee;DND;East Scotland;"SPH, STY, REN, SIF";"BB, SWB";7;ZYX17431;"Tayport, Fife"
KY;Cowdenbeath;Dunfermline & West Fife;DWF;East Scotland;"SPH, STY, REN, SIF";"BB, SWB";11;ZYX16045;"Cowdenbeath, Fife"
KY;Dunfermline;Dunfermline & West Fife;DWF;East Scotland;"SPH, STY, REN, SIF";"BB, SWB";11;ZYX16221;"Dunfermline, Fife"
KY;Inverkeithing;Dunfermline & West Fife;DWF;East Scotland;"SPH, STY, REN, SIF";"BB, SWB";13;ZYX16566;"Inverkeithing, Fife"
KY;Kelty;Dunfermline & West Fife;DWF;East Scotland;"SPH, STY, REN, SIF";"BB, SWB";5;ZYX16598;"Kelty, Fife"
EH;Edinburgh;Edinburgh;EDH;East Scotland;"SPH, STY, REN, SIF";"BB, SWB";9;ZYX16270;"Edinburgh, City Of Edinburgh"
EH;Kirkliston;Edinburgh;EDH;East Scotland;"SPH, STY, REN, SIF";"BB, SWB";10;ZYX16716;"Kirkliston, City Of Edinburgh"
EH;Livingston;Edinburgh;EDH;East Scotland;"SPH, STY, REN, SIF";"BB, SWB";10;ZYX26835;Livingston
EH;Newbridge;Edinburgh;EDH;East Scotland;"SPH, STY, REN, SIF";"BB, SWB";9;ZYX17030;"Newbridge, City of Edinburgh"
EH;South Queensferry;Edinburgh;EDH;East Scotland;"SPH, STY, REN, SIF";"BB, SWB";17;ZYX26834;South Queensferry
DD;Brechin;Forfar & Brechin;FAB;East Scotland;"SPH, STY, REN, SIF";"BB, SWB";7;ZYX15825;"Brechin, Angus"
DD;Forfar;Forfar & Brechin;FAB;East Scotland;"SPH, STY, REN, SIF";"BB, SWB";6;ZYX16352;"Forfar, Angus"
DD;Kirriemuir;Forfar & Brechin;FAB;East Scotland;"SPH, STY, REN, SIF";"BB, SWB";10;ZYX16733;"Kirriemuir, Angus"
KY;Burntisland;"Glenrothes, Leven & Kirkcaldy";GLK;East Scotland;"SPH, STY, REN, SIF";"BB, SWB";11;ZYX15873;"Burntisland, Fife"
KY;Glenrothes;"Glenrothes, Leven & Kirkcaldy";GLK;East Scotland;"SPH, STY, REN, SIF";"BB, SWB";10;ZYX16442;"Glenrothes, Fife"
KY;Kirkcaldy;"Glenrothes, Leven & Kirkcaldy";GLK;East Scotland;"SPH, STY, REN, SIF";"BB, SWB";9;ZYX16703;"Kirkcaldy, Fife"
KY;Leven;"Glenrothes, Leven & Kirkcaldy";GLK;East Scotland;"SPH, STY, REN, SIF";"BB, SWB";5;ZYX16802;"Leven, Fife"
KY;Lochgelly;"Glenrothes, Leven & Kirkcaldy";GLK;East Scotland;"SPH, STY, REN, SIF";"BB, SWB";9;ZYX16837;"Lochgelly, Fife"
PH;Aberfeldy;Highland Perthshire;HLP;East Scotland;"SPH, STY, REN, SIF";"BB, SWB";9;ZYX15533;"Aberfeldy, Perth & Kinross"
PH;Pitlochry;Highland Perthshire;HLP;East Scotland;"SPH, STY, REN, SIF";"BB, SWB";9;ZYX17134;"Pitlochry, Perth & Kinross"
PH;Dunkeld;Perth;PRT;East Scotland;"SPH, STY, REN, SIF";"BB, SWB";7;ZYX18616;"Dunkeld, Perth & Kinross"
PH;Perth;Perth;PRT;East Scotland;"SPH, STY, REN, SIF";"BB, SWB";5;ZYX17120;"Perth, Perth & Kinross"
KY;Kinross;South Perthshire;SPT;East Scotland;"SPH, STY, REN, SIF";"BB, SWB";7;ZYX16691;"Kinross, Perth & Kinross"
KY;Anstruther;"St Andrews, Cupar & the East Neuk";ACE;East Scotland;"SPH, STY, REN, SIF";"BB, SWB";10;ZYX15587;"Anstruther, Fife"
KY;Cupar;"St Andrews, Cupar & the East Neuk";ACE;East Scotland;"SPH, STY, REN, SIF";"BB, SWB";5;ZYX16113;"Cupar, Fife"
KY;St Andrews;"St Andrews, Cupar & the East Neuk";ACE;East Scotland;"SPH, STY, REN, SIF";"BB, SWB";10;ZYX17351;"St Andrews, Fife"
PH;Auchterarder;West Perthshire;WPT;East Scotland;"SPH, STY, REN, SIF";"BB, SWB";12;ZYX15641;"Auchterarder, Perth & Kinross"
PH;Crieff;West Perthshire;WPT;East Scotland;"SPH, STY, REN, SIF";"BB, SWB";6;ZYX16070;"Crieff, Perth & Kinross"
WA;Altrincham;Manchester;MAN;Greater Manchester;"SMA, SWI, FM";STR;10;ZYX3376;"Altrincham, Trafford"
BL;Bury;Manchester;MAN;Greater Manchester;"SMA, SWI, FM";STR;4;ZYX3384;"Bury, Bury"
OL;Heywood;Manchester;MAN;Greater Manchester;"SMA, SWI, FM";STR;7;ZYX3097;"Heywood, Rochdale"
M;Manchester;Manchester;MAN;Greater Manchester;"SMA, SWI, FM";STR;10;ZYX3385;"Manchester, Manchester"
OL;Oldham;Manchester;MAN;Greater Manchester;"SMA, SWI, FM";STR;6;ZYX3397;"Oldham, Oldham"
M;Sale;Manchester;MAN;Greater Manchester;"SMA, SWI, FM";STR;4;ZYX3380;"Sale, Trafford"
M;Salford;Salford;SFD;Greater Manchester;"SMA, SWI, FM";STR;8;ZYX3073;"Salford, Salford"
SK;Cheadle;Stockport;SKT;Greater Manchester;"SMA, SWI, FM";STR;7;ZYX3051;"Cheadle, Stockport"
SK;High Peak;Stockport;SKT;Greater Manchester;"SMA, SWI, FM";STR;9;ZYX26840;High Peak
SK;Stockport;Stockport;SKT;Greater Manchester;"SMA, SWI, FM";STR;9;ZYX3392;"Stockport, Stockport"
SK;Wilmslow;Stockport;SKT;Greater Manchester;"SMA, SWI, FM";STR;8;ZYX3013;"Wilmslow, Cheshire"
OL;Ashton-under-Lyne;Tameside;TME;Greater Manchester;"SMA, SWI, FM";STR;17;ZYX3196;"Ashton-Under-Lyne, Tameside"
SK;Dukinfield;Tameside;TME;Greater Manchester;"SMA, SWI, FM";STR;10;ZYX3059;"Dukinfield, Tameside"
SK;Glossop;Tameside;TME;Greater Manchester;"SMA, SWI, FM";STR;7;ZYX24950;"Glossop, Derbyshire"
SK;Hyde;Tameside;TME;Greater Manchester;"SMA, SWI, FM";STR;4;ZYX3400;"Hyde, Tameside"
OL;Littleborough;Tameside;TME;Greater Manchester;"SMA, SWI, FM";STR;13;ZYX3402;"Littleborough, Rochdale"
OL;Rochdale;Tameside;TME;Greater Manchester;"SMA, SWI, FM";STR;8;ZYX3394;"Rochdale, Rochdale"
SK;Stalybridge;Tameside;TME;Greater Manchester;"SMA, SWI, FM";STR;11;ZYX3404;"Stalybridge, Tameside"
BL;Bolton;Wigan;WGN;Greater Manchester;"SMA, SWI, FM";STR;6;ZYX25614;"Bolton, Bolton"
WN;Leigh;Wigan;WGN;Greater Manchester;"SMA, SWI, FM";STR;5;ZYX25627;"Leigh, Lancashire"
WN;Wigan;Wigan;WGN;Greater Manchester;"SMA, SWI, FM";STR;6;ZYX2993;"Wigan, Wigan"
CH;Chester;Cheshire;CSE;Merseyside & South Lancashire;"STR, SME, SWR, SCR, STCR, PBT";"SMA, SNW";7;ZYX2740;"Chester, Cheshire"
CH;Ellesmere Port;Cheshire;CSE;Merseyside & South Lancashire;"STR, SME, SWR, SCR, STCR, PBT";"SMA, SNW";14;ZYX2738;"Ellesmere Port, Cheshire"
WA;Frodsham;Cheshire;CSE;Merseyside & South Lancashire;"STR, SME, SWR, SCR, STCR, PBT";"SMA, SNW";8;ZYX2784;"Frodsham, Cheshire"
CH;Neston;Cheshire;CSE;Merseyside & South Lancashire;"STR, SME, SWR, SCR, STCR, PBT";"SMA, SNW";6;ZYX2699;"Neston, Cheshire"
BB;Accrington;Lancashire;LCE;Merseyside & South Lancashire;"STR, SME, SWR, SCR, STCR, PBT";"SMA, SNW";10;ZYX3007;"Accrington, Lancashire"
BB;Blackburn;Lancashire;LCE;Merseyside & South Lancashire;"STR, SME, SWR, SCR, STCR, PBT";"SMA, SNW";9;ZYX3001;"Blackburn, Lancashire"
FY;Blackpool;Lancashire;LCE;Merseyside & South Lancashire;"STR, SME, SWR, SCR, STCR, PBT";"SMA, SNW";9;ZYX2707;"Blackpool, Lancashire"
PR;Chorley;Lancashire;LCE;Merseyside & South Lancashire;"STR, SME, SWR, SCR, STCR, PBT";"SMA, SNW";7;ZYX2994;"Chorley, Lancashire"
BB;Clitheroe;Lancashire;LCE;Merseyside & South Lancashire;"STR, SME, SWR, SCR, STCR, PBT";"SMA, SNW";9;ZYX2810;"Clitheroe, Lancashire"
FY;Fleetwood;Lancashire;LCE;Merseyside & South Lancashire;"STR, SME, SWR, SCR, STCR, PBT";"SMA, SNW";9;ZYX2717;"Fleetwood, Lancashire"
PR;Leyland;Lancashire;LCE;Merseyside & South Lancashire;"STR, SME, SWR, SCR, STCR, PBT";"SMA, SNW";7;ZYX2986;"Leyland, Lancashire"
FY;Lytham St Anne's;Lancashire;LCE;Merseyside & South Lancashire;"STR, SME, SWR, SCR, STCR, PBT";"SMA, SNW";16;ZYX2712;St Annes
L;Ormskirk;Lancashire;LCE;Merseyside & South Lancashire;"STR, SME, SWR, SCR, STCR, PBT";"SMA, SNW";8;ZYX2745;"Ormskirk, Lancashire"
FY;Poulton-le-Fylde;Lancashire;LCE;Merseyside & South Lancashire;"STR, SME, SWR, SCR, STCR, PBT";"SMA, SNW";16;ZYX2727;"Poulton-Le-Fylde, Lancashire"
PR;Preston;Lancashire;LCE;Merseyside & South Lancashire;"STR, SME, SWR, SCR, STCR, PBT";"SMA, SNW";7;ZYX2787;"Preston, Lancashire"
FY;Thornron-Cleveleys;Lancashire;LCE;Merseyside & South Lancashire;"STR, SME, SWR, SCR, STCR, PBT";"SMA, SNW";18;ZYX2713;Cleveleys
CH;Birkenhead;Merseyside;MSE;Merseyside & South Lancashire;"STR, SME, SWR, SCR, STCR, PBT";"SMA, SNW";10;ZYX2714;"Birkenhead, Wirral"
L;Bootle;Merseyside;MSE;Merseyside & South Lancashire;"STR, SME, SWR, SCR, STCR, PBT";"SMA, SNW";6;ZYX2720;"Bootle, Liverpool"
L;Liverpool;Merseyside;MSE;Merseyside & South Lancashire;"STR, SME, SWR, SCR, STCR, PBT";"SMA, SNW";9;ZYX3068;"Liverpool, Liverpool"
CH;Prenton;Merseyside;MSE;Merseyside & South Lancashire;"STR, SME, SWR, SCR, STCR, PBT";"SMA, SNW";7;ZYX2703;"Prenton, Wirral"
L;Prescot;Merseyside;MSE;Merseyside & South Lancashire;"STR, SME, SWR, SCR, STCR, PBT";"SMA, SNW";7;ZYX2765;"Prescot, Knowsley"
PR;Southport;Merseyside;MSE;Merseyside & South Lancashire;"STR, SME, SWR, SCR, STCR, PBT";"SMA, SNW";9;ZYX2721;"Southport, Sefton"
WA;St Helens;Merseyside;MSE;Merseyside & South Lancashire;"STR, SME, SWR, SCR, STCR, PBT";"SMA, SNW";9;ZYX2982;"St Helens, Saint Helens"
CH;Wallasey;Merseyside;MSE;Merseyside & South Lancashire;"STR, SME, SWR, SCR, STCR, PBT";"SMA, SNW";8;ZYX2700;"Wallasey, Wirral"
CH;Wirral;Merseyside;MSE;Merseyside & South Lancashire;"STR, SME, SWR, SCR, STCR, PBT";"SMA, SNW";6;ZYX26838;Wirral
LE;Hinckley;Leicestershire;LSE;Midlands;"STA, ST";"MRS, SOX, VI";8;ZYX24181;"Hinckley, Leicestershire"
LE;Leicester;Leicestershire;LSE;Midlands;"STA, ST";"MRS, SOX, VI";9;ZYX24238;"Leicester, Leicester"
LE;Market Harborough;Leicestershire;LSE;Midlands;"STA, ST";"MRS, SOX, VI";17;ZYX24266;"Market Harborough, Leicestershire"
MK;Milton Keynes;Milton Keynes;MKE;Midlands;"STA, ST";"MRS, SOX, VI";13;ZYX24963;"Central Milton Keynes, Buckinghamshire"
NN;Corby;Northamptonshire;NHS;Midlands;"STA, ST";"MRS, SOX, VI";5;ZYX24311;"Corby, Northamptonshire"
NN;Daventry;Northamptonshire;NHS;Midlands;"STA, ST";"MRS, SOX, VI";8;ZYX24232;Daventry
NN;Kettering;Northamptonshire;NHS;Midlands;"STA, ST";"MRS, SOX, VI";9;ZYX24303;"Kettering, Northamptonshire"
NN;Northampton;Northamptonshire;NHS;Midlands;"STA, ST";"MRS, SOX, VI";11;ZYX24274;"Northampton, Northamptonshire"
NN;Rushden;Northamptonshire;NHS;Midlands;"STA, ST";"MRS, SOX, VI";7;ZYX21027;"Rushden, Northamptonshire"
NN;Towcester;Northamptonshire;NHS;Midlands;"STA, ST";"MRS, SOX, VI";9;ZYX20142;"Towcester, Northamptonshire"
NN;Wellingborough;Northamptonshire;NHS;Midlands;"STA, ST";"MRS, SOX, VI";14;ZYX24317;"Wellingborough, Northamptonshire"
B;Tamworth;Staffordshire;SFF;Midlands;"STA, ST";"MRS, SOX, VI";8;ZYX15439;"Tamworth, Staffordshire"
CV;Atherstone;Warwickshire & Coventry;WNC;Midlands;"STA, ST";"MRS, SOX, VI";10;ZYX15447;"Atherstone, Warwickshire"
CV;Bedworth;Warwickshire & Coventry;WNC;Midlands;"STA, ST";"MRS, SOX, VI";8;ZYX15448;"Bedworth, Warwickshire"
CV;Coventry;Warwickshire & Coventry;WNC;Midlands;"STA, ST";"MRS, SOX, VI";8;ZYX15518;"Coventry, Warwickshire"
CV;Kenilworth;Warwickshire & Coventry;WNC;Midlands;"STA, ST";"MRS, SOX, VI";10;ZYX15445;"Kenilworth, Warwickshire"
CV;Leamington Spa;Warwickshire & Coventry;WNC;Midlands;"STA, ST";"MRS, SOX, VI";14;ZYX25384;Royal Leamingston Spa
CV;Nuneaton;Warwickshire & Coventry;WNC;Midlands;"STA, ST";"MRS, SOX, VI";8;ZYX15401;"Nuneaton, Warwickshire"
CV;Rugby;Warwickshire & Coventry;WNC;Midlands;"STA, ST";"MRS, SOX, VI";5;ZYX15402;"Rugby, Warwickshire"
CV;Shipston-on-Stour;Warwickshire & Coventry;WNC;Midlands;"STA, ST";"MRS, SOX, VI";17;ZYX25396;"Shipston-On-Stour, Warwickshire"
CV;Southam;Warwickshire & Coventry;WNC;Midlands;"STA, ST";"MRS, SOX, VI";7;ZYX14915;"Southam, Warwickshire"
CV;Stratford-upon-Avon;Warwickshire & Coventry;WNC;Midlands;"STA, ST";"MRS, SOX, VI";19;ZYX15438;"Stratford-Upon-Avon, Warwickshire"
CV;Warwick;Warwickshire & Coventry;WNC;Midlands;"STA, ST";"MRS, SOX, VI";7;ZYX15444;"Warwick, Warwickshire"
B;Alcester;Worcestershire;WSR;Midlands;"STA, ST";"MRS, SOX, VI";8;ZYX15425;"Alcester, Warwickshire"
WR;Evesham;Worcestershire;WSR;Midlands;"STA, ST";"MRS, SOX, VI";7;ZYX15379;Evesham
WR;Pershore;Worcestershire;WSR;Midlands;"STA, ST";"MRS, SOX, VI";8;ZYX15368;Pershore
B;Redditch;Worcestershire;WSR;Midlands;"STA, ST";"MRS, SOX, VI";8;ZYX15381;Redditch
B;Studley;Worcestershire;WSR;Midlands;"STA, ST";"MRS, SOX, VI";7;ZYX15169;"Studley, Warwickshire"
TS;Hartlepool;Hartlepool;HPL;North East;"SIN, SSS, SIS, SOT, SIH";SNW;10;ZYX24207;"Hartlepool Town Centre, Hartlepool"
NE;Blaydon-on-Tyne;Newcastle upon Tyne;NUT;North East;"SIN, SSS, SIS, SOT, SIH";SNW;15;ZYX26831;Blaydon-on-Tyne
NE;Gateshead;Newcastle upon Tyne;NUT;North East;"SIN, SSS, SIS, SOT, SIH";SNW;9;ZYX26833;Gateshead
NE;Newcastle upon Tyne;Newcastle upon Tyne;NUT;North East;"SIN, SSS, SIS, SOT, SIH";SNW;19;ZYX19082;"Newcastle Upon Tyne (City Centre), Newcastle Upon Tyne"
NE;Prudhoe;Newcastle upon Tyne;NUT;North East;"SIN, SSS, SIS, SOT, SIH";SNW;7;ZYX24116;"Prudhoe, Northumberland"
NE;Rowlands Gill;Newcastle upon Tyne;NUT;North East;"SIN, SSS, SIS, SOT, SIH";SNW;13;ZYX18928;"Rowlands Gill, Gateshead"
NE;Ryton;Newcastle upon Tyne;NUT;North East;"SIN, SSS, SIS, SOT, SIH";SNW;5;ZYX18895;"Ryton, Gateshead"
NE;Wallsend;Newcastle upon Tyne;NUT;North East;"SIN, SSS, SIS, SOT, SIH";SNW;8;ZYX19133;"Wallsend, North Tyneside"
NE;Wylam;Newcastle upon Tyne;NUT;North East;"SIN, SSS, SIS, SOT, SIH";SNW;5;ZYX24117;"Wylam, Northumberland"
NE;Boldon Colliery;South Shields;SSS;North East;"SIN, SSS, SIS, SOT, SIH";SNW;15;ZYX26832;Boldon Colliery
NE;East Boldon;South Shields;SSS;North East;"SIN, SSS, SIS, SOT, SIH";SNW;11;ZYX25766;"East Boldon (South Shields), South Tyneside"
NE;Hebburn;South Shields;SSS;North East;"SIN, SSS, SIS, SOT, SIH";SNW;7;ZYX19247;"Hebburn (South Shields), South Tyneside"
NE;Jarrow;South Shields;SSS;North East;"SIN, SSS, SIS, SOT, SIH";SNW;6;ZYX26006;Jarrow
NE;North Shields;South Shields;SSS;North East;"SIN, SSS, SIS, SOT, SIH";SNW;13;ZYX24167;"North Shields, North Tyneside"
NE;South Shields;South Shields;SSS;North East;"SIN, SSS, SIS, SOT, SIH";SNW;13;ZYX24170;"South Shields, South Tyneside"
NE;Whitley Bay;South Shields;SSS;North East;"SIN, SSS, SIS, SOT, SIH";SNW;11;ZYX24168;"Whitley Bay, North Tyneside"
SR;Sunderland;Sunderland;SLD;North East;"SIN, SSS, SIS, SOT, SIH";SNW;10;ZYX24175;"Sunderland, Sunderland"
NE;Washington;Sunderland;SLD;North East;"SIN, SSS, SIS, SOT, SIH";SNW;10;ZYX21496;"Washington, West Sussex"
TS;Billingham;Teesside;TES;North East;"SIN, SSS, SIS, SOT, SIH";SNW;10;ZYX24195;"Billingham, Stockton-On-Tees"
TS;Middlesbrough;Teesside;TES;North East;"SIN, SSS, SIS, SOT, SIH";SNW;13;ZYX24201;"Middlesbrough, Middlesbrough"
TS;Stockton-on-Tees;Teesside;TES;North East;"SIN, SSS, SIS, SOT, SIH";SNW;16;ZYX24189;"Stockton-On-Tees, Stockton-On-Tees"
AB;Aberdeen;Aberdeenshire;ABD;North Scotland;"HI, OC, BB, SCCL";"BB, HI";8;ZYX15530;"Aberdeen, Aberdeen City"
AB;Aboyne;Aberdeenshire;ABD;North Scotland;"HI, OC, BB, SCCL";"BB, HI";6;ZYX15541;"Aboyne, Aberdeenshire"
AB;Alford (Aberdeenshire);Aberdeenshire;ABD;North Scotland;"HI, OC, BB, SCCL";"BB, HI";22;ZYX26616;"Alford, Aberdeenshire"
AB;Ballater;Aberdeenshire;ABD;North Scotland;"HI, OC, BB, SCCL";"BB, HI";8;ZYX15685;"Ballater, Aberdeenshire"
AB;Banchory;Aberdeenshire;ABD;North Scotland;"HI, OC, BB, SCCL";"BB, HI";8;ZYX15708;"Banchory, Aberdeenshire"
AB;Ellon;Aberdeenshire;ABD;North Scotland;"HI, OC, BB, SCCL";"BB, HI";5;ZYX16281;"Ellon, Aberdeenshire"
AB;Fraserburgh;Aberdeenshire;ABD;North Scotland;"HI, OC, BB, SCCL";"BB, HI";11;ZYX16370;"Fraserburgh, Aberdeenshire"
AB;Insch;Aberdeenshire;ABD;North Scotland;"HI, OC, BB, SCCL";"BB, HI";5;ZYX16548;"Insch, Aberdeenshire"
AB;Inverurie;Aberdeenshire;ABD;North Scotland;"HI, OC, BB, SCCL";"BB, HI";9;ZYX16572;"Inverurie, Aberdeenshire"
AB;Laurencekirk;Aberdeenshire;ABD;North Scotland;"HI, OC, BB, SCCL";"BB, HI";12;ZYX16773;"Laurencekirk, Aberdeenshire"
AB;Milltimber;Aberdeenshire;ABD;North Scotland;"HI, OC, BB, SCCL";"BB, HI";10;ZYX16944;"Milltimber, Aberdeen City"
AB;Peterculter;Aberdeenshire;ABD;North Scotland;"HI, OC, BB, SCCL";"BB, HI";11;ZYX17121;"Peterculter, Aberdeen City"
AB;Peterhead;Aberdeenshire;ABD;North Scotland;"HI, OC, BB, SCCL";"BB, HI";9;ZYX17122;"Peterhead, Aberdeenshire"
AB;Stonehaven;Aberdeenshire;ABD;North Scotland;"HI, OC, BB, SCCL";"BB, HI";10;ZYX17382;"Stonehaven, Aberdeenshire"
AB;Strathdon;Aberdeenshire;ABD;North Scotland;"HI, OC, BB, SCCL";"BB, HI";9;ZYX17394;"Strathdon, Aberdeenshire"
AB;Turriff;Aberdeenshire;ABD;North Scotland;"HI, OC, BB, SCCL";"BB, HI";7;ZYX17499;"Turriff, Aberdeenshire"
AB;Westhill;Aberdeenshire;ABD;North Scotland;"HI, OC, BB, SCCL";"BB, HI";8;ZYX17557;"Westhill, Aberdeenshire"
PH;Aviemore;Aviemore;AME;North Scotland;"HI, OC, BB, SCCL";"BB, HI";8;ZYX15652;"Aviemore, Highland"
PH;Boat of Garten;Aviemore;AME;North Scotland;"HI, OC, BB, SCCL";"BB, HI";14;ZYX15786;"Boat Of Garten, Highland"
PH;Carrbridge;Aviemore;AME;North Scotland;"HI, OC, BB, SCCL";"BB, HI";10;ZYX15927;"Carrbridge, Highland"
PH;Dalwhinnie;Aviemore;AME;North Scotland;"HI, OC, BB, SCCL";"BB, HI";10;ZYX16139;"Dalwhinnie, Highland"
PH;Grantown-on-Spey;Aviemore;AME;North Scotland;"HI, OC, BB, SCCL";"BB, HI";16;ZYX16460;"Grantown-On-Spey, Highland"
KW;Berriedale;Caithness;CNS;North Scotland;"HI, OC, BB, SCCL";"BB, HI";10;ZYX15752;"Berriedale, Highland"
KW;Brora;Caithness;CNS;North Scotland;"HI, OC, BB, SCCL";"BB, HI";5;ZYX15851;"Brora, Highland"
KW;Dunbeath;Caithness;CNS;North Scotland;"HI, OC, BB, SCCL";"BB, HI";8;ZYX16208;"Dunbeath, Highland"
KW;Golspie;Caithness;CNS;North Scotland;"HI, OC, BB, SCCL";"BB, HI";7;ZYX16448;"Golspie, Highland"
KW;Halkirk;Caithness;CNS;North Scotland;"HI, OC, BB, SCCL";"BB, HI";7;ZYX16487;"Halkirk, Highland"
KW;Helmsdale;Caithness;CNS;North Scotland;"HI, OC, BB, SCCL";"BB, HI";9;ZYX16503;"Helmsdale, Highland"
KW;Latheron;Caithness;CNS;North Scotland;"HI, OC, BB, SCCL";"BB, HI";8;ZYX16769;"Latheron, Highland"
KW;Lybster;Caithness;CNS;North Scotland;"HI, OC, BB, SCCL";"BB, HI";7;ZYX16882;"Lybster, Highland"
KW;Thurso;Caithness;CNS;North Scotland;"HI, OC, BB, SCCL";"BB, HI";6;ZYX17446;"Thurso, Highland"
KW;Wick;Caithness;CNS;North Scotland;"HI, OC, BB, SCCL";"BB, HI";4;ZYX17577;"Wick, Highland"
PH;Acharacle;Fort William;FWM;North Scotland;"HI, OC, BB, SCCL";"BB, HI";9;ZYX15546;"Acharacle, Highland"
PH;Arisaig;Fort William;FWM;North Scotland;"HI, OC, BB, SCCL";"BB, HI";7;ZYX15618;"Arisaig, Highland"
PH;Ballachulish;Fort William;FWM;North Scotland;"HI, OC, BB, SCCL";"BB, HI";12;ZYX15682;"Ballachulish, Highland"
PH;Corrour;Fort William;FWM;North Scotland;"HI, OC, BB, SCCL";"BB, HI";7;ZYX18490;"Corrour, Highland"
PH;Fort Augustus;Fort William;FWM;North Scotland;"HI, OC, BB, SCCL";"BB, HI";13;ZYX16357;"Fort Augustus, Highland"
PH;Fort William;Fort William;FWM;North Scotland;"HI, OC, BB, SCCL";"BB, HI";12;ZYX16359;"Fort William, Highland"
PH;Glenfinnan;Fort William;FWM;North Scotland;"HI, OC, BB, SCCL";"BB, HI";10;ZYX16436;"Glenfinnan, Highland"
PH;Invergarry;Fort William;FWM;North Scotland;"HI, OC, BB, SCCL";"BB, HI";10;ZYX16560;"Invergarry, Highland"
PH;Isle of Canna;Fort William;FWM;North Scotland;"HI, OC, BB, SCCL";"BB, HI";13;ZYX18023;"Canna, Highland"
PH;Isle of Eigg;Fort William;FWM;North Scotland;"HI, OC, BB, SCCL";"BB, HI";12;ZYX18025;"Eigg, Highland"
PH;Isle of Rum;Fort William;FWM;North Scotland;"HI, OC, BB, SCCL";"BB, HI";11;ZYX18024;"Rum, Highland"
PH;Kinlochleven;Fort William;FWM;North Scotland;"HI, OC, BB, SCCL";"BB, HI";12;ZYX16685;"Kinlochleven, Highland"
PH;Lochailort;Fort William;FWM;North Scotland;"HI, OC, BB, SCCL";"BB, HI";10;ZYX16824;"Lochailort, Highland"
PH;Mallaig;Fort William;FWM;North Scotland;"HI, OC, BB, SCCL";"BB, HI";7;ZYX16897;"Mallaig, Highland"
PH;Roy Bridge;Fort William;FWM;North Scotland;"HI, OC, BB, SCCL";"BB, HI";10;ZYX17254;Roy Bridge
PH;Spean Bridge;Fort William;FWM;North Scotland;"HI, OC, BB, SCCL";"BB, HI";12;ZYX17339;"Spean Bridge, Highland"
IV;Alness;Inverness;INS;North Scotland;"HI, OC, BB, SCCL";"BB, HI";6;ZYX15576;"Alness, Highland"
IV;Ardgay;Inverness;INS;North Scotland;"HI, OC, BB, SCCL";"BB, HI";6;ZYX15600;"Ardgay, Highland"
IV;Avoch;Inverness;INS;North Scotland;"HI, OC, BB, SCCL";"BB, HI";5;ZYX15653;"Avoch, Highland"
IV;Beauly;Inverness;INS;North Scotland;"HI, OC, BB, SCCL";"BB, HI";6;ZYX15737;"Beauly, Highland"
IV;Cromarty;Inverness;INS;North Scotland;"HI, OC, BB, SCCL";"BB, HI";8;ZYX16075;"Cromarty, Highland"
IV;Dingwall;Inverness;INS;North Scotland;"HI, OC, BB, SCCL";"BB, HI";8;ZYX16155;"Dingwall, Highland"
IV;Dornoch;Inverness;INS;North Scotland;"HI, OC, BB, SCCL";"BB, HI";7;ZYX16164;"Dornoch, Highland"
IV;Fortrose;Inverness;INS;North Scotland;"HI, OC, BB, SCCL";"BB, HI";8;ZYX16363;"Fortrose, Highland"
IV;Gairloch;Inverness;INS;North Scotland;"HI, OC, BB, SCCL";"BB, HI";8;ZYX16376;"Gairloch, Highland"
IV;Garve;Inverness;INS;North Scotland;"HI, OC, BB, SCCL";"BB, HI";5;ZYX16396;"Garve, Highland"
IV;Invergordon;Inverness;INS;North Scotland;"HI, OC, BB, SCCL";"BB, HI";11;ZYX16561;"Invergordon, Highland"
IV;Inverness;Inverness;INS;North Scotland;"HI, OC, BB, SCCL";"BB, HI";9;ZYX16569;"Inverness, Highland"
IV;Muir of Ord;Inverness;INS;North Scotland;"HI, OC, BB, SCCL";"BB, HI";11;ZYX16989;"Muir Of Ord, Highland"
IV;Munlochy;Inverness;INS;North Scotland;"HI, OC, BB, SCCL";"BB, HI";8;ZYX16997;"Munlochy, Highland"
IV;Nairn;Inverness;INS;North Scotland;"HI, OC, BB, SCCL";"BB, HI";5;ZYX17004;"Nairn, Highland"
IV;Strathpeffer;Inverness;INS;North Scotland;"HI, OC, BB, SCCL";"BB, HI";12;ZYX17396;"Strathpeffer, Highland"
IV;Tain;Inverness;INS;North Scotland;"HI, OC, BB, SCCL";"BB, HI";4;ZYX17420;"Tain, Highland"
IV;Ullapool;Inverness;INS;North Scotland;"HI, OC, BB, SCCL";"BB, HI";8;ZYX17513;"Ullapool, Highland"
IV;Isle of Skye;Isle of Skye;SKY;North Scotland;"HI, OC, BB, SCCL";"BB, HI";12;ZYX26844;Isle of Skye
IV;Kyle;Isle of Skye;SKY;North Scotland;"HI, OC, BB, SCCL";"BB, HI";4;ZYX16745;"Kyle Of Lochalsh, Highland"
IV;Plockton;Isle of Skye;SKY;North Scotland;"HI, OC, BB, SCCL";"BB, HI";8;ZYX17141;"Plockton, Highland"
IV;Portree;Isle of Skye;SKY;North Scotland;"HI, OC, BB, SCCL";"BB, HI";7;ZYX17177;"Portree, Highland"
IV;Strathcarron;Isle of Skye;SKY;North Scotland;"HI, OC, BB, SCCL";"BB, HI";12;ZYX18277;"Strathcarron, Highland"
IV;Strome Ferry;Isle of Skye;SKY;North Scotland;"HI, OC, BB, SCCL";"BB, HI";12;ZYX17402;"Stromeferry, Highland"
AB;Aberlour;Moray;MRY;North Scotland;"HI, OC, BB, SCCL";"BB, HI";8;ZYX15964;"Charlestown Of Aberlour, Moray"
AB;Ballindalloch;Moray;MRY;North Scotland;"HI, OC, BB, SCCL";"BB, HI";13;ZYX26845;Ballindalloch
AB;Banff;Moray;MRY;North Scotland;"HI, OC, BB, SCCL";"BB, HI";5;ZYX15709;"Banff, Aberdeenshire"
AB;Buckie;Moray;MRY;North Scotland;"HI, OC, BB, SCCL";"BB, HI";6;ZYX15861;"Buckie, Moray"
IV;Elgin;Moray;MRY;North Scotland;"HI, OC, BB, SCCL";"BB, HI";5;ZYX16277;"Elgin, Moray"
IV;Fochabers;Moray;MRY;North Scotland;"HI, OC, BB, SCCL";"BB, HI";9;ZYX16344;"Fochabers, Moray"
IV;Forres;Moray;MRY;North Scotland;"HI, OC, BB, SCCL";"BB, HI";6;ZYX16355;"Forres, Moray"
AB;Huntly;Moray;MRY;North Scotland;"HI, OC, BB, SCCL";"BB, HI";6;ZYX16532;"Huntly, Aberdeenshire"
AB;Keith;Moray;MRY;North Scotland;"HI, OC, BB, SCCL";"BB, HI";5;ZYX16593;"Keith, Moray"
IV;Lossiemouth;Moray;MRY;North Scotland;"HI, OC, BB, SCCL";"BB, HI";11;ZYX16863;"Lossiemouth, Moray"
AB;Macduff;Moray;MRY;North Scotland;"HI, OC, BB, SCCL";"BB, HI";7;ZYX16889;"Macduff, Aberdeenshire"
KW;Forsinard;Orkney;OKY;North Scotland;"HI, OC, BB, SCCL";"BB, HI";9;ZYX16356;"Forsinard, Highland"
KW;Kinbrace;Orkney;OKY;North Scotland;"HI, OC, BB, SCCL";"BB, HI";8;ZYX16658;"Kinbrace, Highland"
KW;Kirkwall;Orkney;OKY;North Scotland;"HI, OC, BB, SCCL";"BB, HI";8;ZYX16730;"Kirkwall, Orkney Islands"
KW;Orkney;Orkney;OKY;North Scotland;"HI, OC, BB, SCCL";"BB, HI";6;ZYX26846;Orkney
KW;Stromness;Orkney;OKY;North Scotland;"HI, OC, BB, SCCL";"BB, HI";9;ZYX17403;"Stromness, Orkney Islands"
OX;Abingdon;Oxfordshire;SOX;Oxfordshire;"SOX, MRS, OBC";"ST, STS";8;ZYX24198;"Abingdon, Oxfordshire"
OX;Bampton;Oxfordshire;SOX;Oxfordshire;"SOX, MRS, OBC";"ST, STS";7;ZYX19227;"Bampton, Oxfordshire"
OX;Banbury;Oxfordshire;SOX;Oxfordshire;"SOX, MRS, OBC";"ST, STS";7;ZYX3529;"Banbury Town Centre, Oxfordshire"
OX;Bicester;Oxfordshire;SOX;Oxfordshire;"SOX, MRS, OBC";"ST, STS";8;ZYX24235;"Bicester, Oxfordshire"
NN;Brackley;Oxfordshire;SOX;Oxfordshire;"SOX, MRS, OBC";"ST, STS";8;ZYX24236;"Brackley, Northamptonshire"
OX;Burford;Oxfordshire;SOX;Oxfordshire;"SOX, MRS, OBC";"ST, STS";7;ZYX24138;"Burford, Oxfordshire"
OX;Carterton;Oxfordshire;SOX;Oxfordshire;"SOX, MRS, OBC";"ST, STS";9;ZYX19194;"Carterton, Oxfordshire"
OX;Chinnor;Oxfordshire;SOX;Oxfordshire;"SOX, MRS, OBC";"ST, STS";7;ZYX24272;"Chinnor, Oxfordshire"
OX;Chipping Norton;Oxfordshire;SOX;Oxfordshire;"SOX, MRS, OBC";"ST, STS";15;ZYX24154;"Chipping Norton, Oxfordshire"
OX;Didcot;Oxfordshire;SOX;Oxfordshire;"SOX, MRS, OBC";"ST, STS";6;ZYX24204;"Didcot, Oxfordshire"
OX;Kidlington;Oxfordshire;SOX;Oxfordshire;"SOX, MRS, OBC";"ST, STS";10;ZYX25199;"Kidlington, Oxfordshire"
OX;Oxford;Oxfordshire;SOX;Oxfordshire;"SOX, MRS, OBC";"ST, STS";6;ZYX24964;"Oxford City Centre, Oxfordshire"
OX;Thame;Oxfordshire;SOX;Oxfordshire;"SOX, MRS, OBC";"ST, STS";5;ZYX24261;"Thame, Oxfordshire"
OX;Wallingford;Oxfordshire;SOX;Oxfordshire;"SOX, MRS, OBC";"ST, STS";11;ZYX19908;"Wallingford, Oxfordshire"
OX;Wantage;Oxfordshire;SOX;Oxfordshire;"SOX, MRS, OBC";"ST, STS";7;ZYX24176;"Wantage, Oxfordshire"
OX;Watlington;Oxfordshire;SOX;Oxfordshire;"SOX, MRS, OBC";"ST, STS";10;ZYX20099;"Watlington, Oxfordshire"
OX;Witney;Oxfordshire;SOX;Oxfordshire;"SOX, MRS, OBC";"ST, STS";6;ZYX19312;"Witney, Oxfordshire"
OX;Woodstock;Oxfordshire;SOX;Oxfordshire;"SOX, MRS, OBC";"ST, STS";9;ZYX24188;"Woodstock, Oxfordshire"
GU;Alton;Alton and Petersfield;ANP;South;"HBC, HSE, HSW, SDW, SDE, CV, CO, SR";;5;ZYX6859;"Alton, Hampshire"
GU;Bordon;Alton and Petersfield;ANP;South;"HBC, HSE, HSW, SDW, SDE, CV, CO, SR";;6;ZYX7357;"Bordon, Hampshire"
GU;Liphook;Alton and Petersfield;ANP;South;"HBC, HSE, HSW, SDW, SDE, CV, CO, SR";;7;ZYX10175;"Liphook, Hampshire"
GU;Liss;Alton and Petersfield;ANP;South;"HBC, HSE, HSW, SDW, SDE, CV, CO, SR";;4;ZYX10178;"Liss, Hampshire"
GU;Petersfield;Alton and Petersfield;ANP;South;"HBC, HSE, HSW, SDW, SDE, CV, CO, SR";;11;ZYX11365;"Petersfield, Hampshire"
SP;Andover;Andover and Salisbury;ANS;South;"HBC, HSE, HSW, SDW, SDE, CV, CO, SR";;7;ZYX6883;"Andover, Hampshire"
SP;Salisbury;Andover and Salisbury;ANS;South;"HBC, HSE, HSW, SDW, SDE, CV, CO, SR";;9;ZYX11926;"Salisbury, Wiltshire"
SP;Tidworth;Andover and Salisbury;ANS;South;"HBC, HSE, HSW, SDW, SDE, CV, CO, SR";;8;ZYX12674;"Tidworth, Wiltshire"
RG;Basingstoke;Basingstoke;BGE;South;"HBC, HSE, HSW, SDW, SDE, CV, CO, SR";;11;ZYX7086;"Basingstoke, Hampshire"
RG;Hook;Basingstoke;BGE;South;"HBC, HSE, HSW, SDW, SDE, CV, CO, SR";;4;ZYX13831;"Hook, Hampshire"
RG;Newbury;Basingstoke;BGE;South;"HBC, HSE, HSW, SDW, SDE, CV, CO, SR";;7;ZYX24196;Newbury
RG;Reading;Basingstoke;BGE;South;"HBC, HSE, HSW, SDW, SDE, CV, CO, SR";;7;ZYX24264;Reading
RG;Whitchurch;Basingstoke;BGE;South;"HBC, HSE, HSW, SDW, SDE, CV, CO, SR";;10;ZYX13472;"Whitchurch, Hampshire"
RG;Wokingham;Basingstoke;BGE;South;"HBC, HSE, HSW, SDW, SDE, CV, CO, SR";;9;ZYX24285;"Wokingham, Berkshire"
GU;Aldershot;Blackwater Valley;BWV;South;"HBC, HSE, HSW, SDW, SDE, CV, CO, SR";;9;ZYX6819;"Aldershot, Hampshire"
GU;Bagshot;Blackwater Valley;BWV;South;"HBC, HSE, HSW, SDW, SDE, CV, CO, SR";;7;ZYX24322;"Bagshot, Surrey"
RG;Bracknell;Blackwater Valley;BWV;South;"HBC, HSE, HSW, SDW, SDE, CV, CO, SR";;9;ZYX24300;"Bracknell, Berkshire"
GU;Camberley;Blackwater Valley;BWV;South;"HBC, HSE, HSW, SDW, SDE, CV, CO, SR";;9;ZYX24308;"Camberley, Surrey"
GU;Farnborough;Blackwater Valley;BWV;South;"HBC, HSE, HSW, SDW, SDE, CV, CO, SR";;11;ZYX8869;"Farnborough, Hampshire"
GU;Farnham;Blackwater Valley;BWV;South;"HBC, HSE, HSW, SDW, SDE, CV, CO, SR";;7;ZYX24295;"Farnham, Surrey"
GU;Fleet;Blackwater Valley;BWV;South;"HBC, HSE, HSW, SDW, SDE, CV, CO, SR";;5;ZYX13832;"Fleet, Hampshire"
GU;Sandhurst;Blackwater Valley;BWV;South;"HBC, HSE, HSW, SDW, SDE, CV, CO, SR";;9;ZYX26895;"Sandhurst, Bracknell Forest"
GU;Yateley;Blackwater Valley;BWV;South;"HBC, HSE, HSW, SDW, SDE, CV, CO, SR";;7;ZYX13800;"Yateley, Hampshire"
PO;Bognor Regis;Chichester and Bognor Regis;CBR;South;"HBC, HSE, HSW, SDW, SDE, CV, CO, SR";;12;ZYX24330;"Bognor Regis, West Sussex"
PO;Chichester;Chichester and Bognor Regis;CBR;South;"HBC, HSE, HSW, SDW, SDE, CV, CO, SR";;10;ZYX24299;"Chichester, West Sussex"
GU;Midhurst;Chichester and Bognor Regis;CBR;South;"HBC, HSE, HSW, SDW, SDE, CV, CO, SR";;8;ZYX20740;"Midhurst, West Sussex"
GU;Godalming;Guildford and South Surrey;GSS;South;"HBC, HSE, HSW, SDW, SDE, CV, CO, SR";;9;ZYX24331;"Godalming, Surrey"
GU;Guildford;Guildford and South Surrey;GSS;South;"HBC, HSE, HSW, SDW, SDE, CV, CO, SR";;9;ZYX24352;"Guildford, Surrey"
GU;Haslemere;Guildford and South Surrey;GSS;South;"HBC, HSE, HSW, SDW, SDE, CV, CO, SR";;9;ZYX24320;"Haslemere, Surrey"
GU;Hindhead;Guildford and South Surrey;GSS;South;"HBC, HSE, HSW, SDW, SDE, CV, CO, SR";;8;ZYX24306;"Hindhead, Surrey"
GU;Lightwater;Guildford and South Surrey;GSS;South;"HBC, HSE, HSW, SDW, SDE, CV, CO, SR";;10;ZYX20881;"Lightwater, Surrey"
PO;Emsworth;Portsmouth and Havant;PNH;South;"HBC, HSE, HSW, SDW, SDE, CV, CO, SR";;8;ZYX8799;"Emsworth, Hampshire"
PO;Havant;Portsmouth and Havant;PNH;South;"HBC, HSE, HSW, SDW, SDE, CV, CO, SR";;6;ZYX9379;"Havant, Hampshire"
PO;Hayling Island;Portsmouth and Havant;PNH;South;"HBC, HSE, HSW, SDW, SDE, CV, CO, SR";;14;ZYX26829;Hayling Island
PO;Portsmouth;Portsmouth and Havant;PNH;South;"HBC, HSE, HSW, SDW, SDE, CV, CO, SR";;10;ZYX11521;"Portsmouth, Portsmouth"
PO;Southsea;Portsmouth and Havant;PNH;South;"HBC, HSE, HSW, SDW, SDE, CV, CO, SR";;8;ZYX12251;"Southsea, Portsmouth"
PO;Waterlooville;Portsmouth and Havant;PNH;South;"HBC, HSE, HSW, SDW, SDE, CV, CO, SR";;13;ZYX13235;"Waterlooville, Hampshire"
SO;Alresford;Winchester;WHR;South;"HBC, HSE, HSW, SDW, SDE, CV, CO, SR";;9;ZYX26830;Alresford
PO;Fareham;Winchester;WHR;South;"HBC, HSE, HSW, SDW, SDE, CV, CO, SR";;7;ZYX8857;"Fareham, Hampshire"
SO;Romsey;Winchester;WHR;South;"HBC, HSE, HSW, SDW, SDE, CV, CO, SR";;6;ZYX11757;"Romsey, Hampshire"
SO;Southampton;Winchester;WHR;South;"HBC, HSE, HSW, SDW, SDE, CV, CO, SR";;11;ZYX12235;"Southampton, Southampton"
SO;Stockbridge;Winchester;WHR;South;"HBC, HSE, HSW, SDW, SDE, CV, CO, SR";;11;ZYX12374;"Stockbridge, Hampshire"
SO;Winchester;Winchester;WHR;South;"HBC, HSE, HSW, SDW, SDE, CV, CO, SR";;10;ZYX13578;"Winchester, Hampshire"
BN;Arundel;Worthing and Brighton;WNB;South;"HBC, HSE, HSW, SDW, SDE, CV, CO, SR";;7;ZYX24364;"Arundel, West Sussex"
BN;Brighton;Worthing and Brighton;WNB;South;"HBC, HSE, HSW, SDW, SDE, CV, CO, SR";;8;ZYX24553;"Brighton, Brighton And Hove"
BN;Henfield;Worthing and Brighton;WNB;South;"HBC, HSE, HSW, SDW, SDE, CV, CO, SR";;8;ZYX21716;"Henfield, West Sussex"
RH;Horsham;Worthing and Brighton;WNB;South;"HBC, HSE, HSW, SDW, SDE, CV, CO, SR";;7;ZYX24459;"Horsham, West Sussex"
BN;Hove;Worthing and Brighton;WNB;South;"HBC, HSE, HSW, SDW, SDE, CV, CO, SR";;4;ZYX24525;"Hove, Brighton And Hove"
BN;Lancing;Worthing and Brighton;WNB;South;"HBC, HSE, HSW, SDW, SDE, CV, CO, SR";;7;ZYX25480;"Lancing, West Sussex"
BN;Littlehampton;Worthing and Brighton;WNB;South;"HBC, HSE, HSW, SDW, SDE, CV, CO, SR";;13;ZYX24367;"Littlehampton, West Sussex"
RH;Pulborough;Worthing and Brighton;WNB;South;"HBC, HSE, HSW, SDW, SDE, CV, CO, SR";;10;ZYX24384;"Pulborough, West Sussex"
BN;Shoreham-by-Sea;Worthing and Brighton;WNB;South;"HBC, HSE, HSW, SDW, SDE, CV, CO, SR";;15;ZYX24488;"Shoreham-By-Sea, West Sussex"
BN;Worthing;Worthing and Brighton;WNB;South;"HBC, HSE, HSW, SDW, SDE, CV, CO, SR";;8;ZYX24431;"Worthing, West Sussex"
TN;Ashford;Ashford;AFD;South East;"EK, EB, HD, CH, RA, RE";;7;ZYX24830;"Ashford, Kent"
ME;Maidstone;Ashford;AFD;South East;"EK, EB, HD, CH, RA, RE";;9;ZYX24768;"Maidstone, Kent"
TN;Tenderden;Ashford;AFD;South East;"EK, EB, HD, CH, RA, RE";;9;ZYX23082;Tenterden
CT;Canterbury;Canterbury;CBY;South East;"EK, EB, HD, CH, RA, RE";;10;ZYX24862;"Canterbury, Kent"
ME;Faversham;Canterbury;CBY;South East;"EK, EB, HD, CH, RA, RE";;9;ZYX25248;"Faversham Town Centre, Kent"
CT;Herne Bay;Canterbury;CBY;South East;"EK, EB, HD, CH, RA, RE";;9;ZYX24877;"Herne Bay, Kent"
CT;Whitstable;Canterbury;CBY;South East;"EK, EB, HD, CH, RA, RE";;10;ZYX24849;"Whitstable Town Centre, Kent"
CT;Deal;Dover;DVR;South East;"EK, EB, HD, CH, RA, RE";;4;ZYX24916;"Deal, Kent"
CT;Dover;Dover;DVR;South East;"EK, EB, HD, CH, RA, RE";;5;ZYX24907;"Dover, Kent"
CT;Sandwich;Dover;DVR;South East;"EK, EB, HD, CH, RA, RE";;8;ZYX24910;"Sandwich, Kent"
BN;Eastbourne;Eastbourne;EBE;South East;"EK, EB, HD, CH, RA, RE";;10;ZYX24715;"Eastbourne, East Sussex"
TN;Royal Tunbridge Wells;Eastbourne;EBE;South East;"EK, EB, HD, CH, RA, RE";;21;ZYX25309;"Tunbridge Wells, Kent"
TN;Heathfield;Eastbourne;EBE;South East;"EK, EB, HD, CH, RA, RE";;10;ZYX22529;"Heathfield, East Sussex"
TN;Uckfield;Eastbourne;EBE;South East;"EK, EB, HD, CH, RA, RE";;8;ZYX24655;"Uckfield, East Sussex"
BN;Hailsham;Eastbourne;EBE;South East;"EK, EB, HD, CH, RA, RE";;8;ZYX24705;"Hailsham, East Sussex"
BN;Polegate;Eastbourne;EBE;South East;"EK, EB, HD, CH, RA, RE";;8;ZYX24701;"Polegate, East Sussex"
TN;Crowborough;Eastbourne;EBE;South East;"EK, EB, HD, CH, RA, RE";;11;ZYX22418;"Crowborough, East Sussex"
TN;Mayfield;Eastbourne;EBE;South East;"EK, EB, HD, CH, RA, RE";;8;ZYX22530;"Mayfield, East Sussex"
BN;Pevensey;Eastbourne;EBE;South East;"EK, EB, HD, CH, RA, RE";;8;ZYX25318;"Pevensey, East Sussex"
CT;Folkestone;Folkestone;FSE;South East;"EK, EB, HD, CH, RA, RE";;10;ZYX24892;"Folkestone, Kent"
CT;Hythe;Folkestone;FSE;South East;"EK, EB, HD, CH, RA, RE";;5;ZYX24867;"Hythe, Kent"
TN;New Romney;Folkestone;FSE;South East;"EK, EB, HD, CH, RA, RE";;10;ZYX24841;"New Romney, Kent"
TN;Romney Marsh;Folkestone;FSE;South East;"EK, EB, HD, CH, RA, RE";;12;ZYX24834;"Lydd, Kent"
TN;Tonbridge;Folkestone;FSE;South East;"EK, EB, HD, CH, RA, RE";;9;ZYX24706;"Tonbridge, Kent"
TN;Hastings;Hastings;HAS;South East;"EK, EB, HD, CH, RA, RE";;8;ZYX24781;"Hastings, East Sussex"
TN;Rye;Hastings;HAS;South East;"EK, EB, HD, CH, RA, RE";;3;ZYX24809;"Rye, East Sussex"
TN;Battle;Hastings;HAS;South East;"EK, EB, HD, CH, RA, RE";;6;ZYX24762;"Battle, East Sussex"
TN;Bexhill;Hastings;HAS;South East;"EK, EB, HD, CH, RA, RE";;7;ZYX24761;"Bexhill, East Sussex"
TN;Wadhurst;Hastings;HAS;South East;"EK, EB, HD, CH, RA, RE";;8;ZYX25354;"Wadhurst, East Sussex"
TN;Winchelsea;Hastings;HAS;South East;"EK, EB, HD, CH, RA, RE";;10;ZYX24805;"Winchelsea, East Sussex"
TN;Cranbrook;Hastings;HAS;South East;"EK, EB, HD, CH, RA, RE";;9;ZYX22886;"Cranbrook, Kent"
CT;Broadstairs;Thanet;TNT;South East;"EK, EB, HD, CH, RA, RE";;11;ZYX24922;"Broadstairs, Kent"
CT;Margate;Thanet;TNT;South East;"EK, EB, HD, CH, RA, RE";;7;ZYX24912;"Margate, Kent"
CT;Ramsgate;Thanet;TNT;South East;"EK, EB, HD, CH, RA, RE";;8;ZYX24917;"Ramsgate, Kent"
CT;Birchington;Thanet;TNT;South East;"EK, EB, HD, CH, RA, RE";;11;ZYX25260;"Birchington, Kent"
CT;Westgate (Margate);Thanet;TNT;South East;"EK, EB, HD, CH, RA, RE";;18;ZYX25262;"Westgate, Kent"
CF;Cardiff;Cardiff;CAR;South Wales;SRW0;STG;7;ZYX4036;"Cardiff City Centre, Cardiff"
NP;Abergavenny;Gwent;GWT;South Wales;SRW0;STG;11;ZYX3635;"Abergavenny, Monmouthshire"
NP;Abertillery;Gwent;GWT;South Wales;SRW0;STG;11;ZYX3657;"Abertillery, Blaenau Gwent"
CF;Bargoed;Gwent;GWT;South Wales;SRW0;STG;7;ZYX3711;"Bargoed, Caerphilly"
NP;Blackwood;Gwent;GWT;South Wales;SRW0;STG;9;ZYX3783;"Blackwood, Caerphilly"
CF;Caerphilly;Gwent;GWT;South Wales;SRW0;STG;10;ZYX4007;"Caerphilly, Caerphilly"
NP;Cwmbran;Gwent;GWT;South Wales;SRW0;STG;7;ZYX25118;"Cwmbran, Torfaen"
CF;Hengoed;Gwent;GWT;South Wales;SRW0;STG;7;ZYX4808;"Hengoed, Caerphilly"
NP;New Tredegar;Gwent;GWT;South Wales;SRW0;STG;12;ZYX5593;"New Tredegar, Caerphilly"
NP;Newport;Gwent;GWT;South Wales;SRW0;STG;7;ZYX6770;"Newport (South Wales), Newport"
NP;Pontypool;Gwent;GWT;South Wales;SRW0;STG;9;ZYX5990;"Pontypool, Torfaen"
NP;Tredegar;Gwent;GWT;South Wales;SRW0;STG;8;ZYX6445;"Tredegar, Blaenau Gwent"
NP;Usk;Gwent;GWT;South Wales;SRW0;STG;3;ZYX6600;"Usk, Monmouthshire"
CF;Merthyr Tydfil;Merthyr Tydfil;MYT;South Wales;SRW0;STG;14;ZYX26839;Merthyr Tydfil
CF;Treharris;Merthyr Tydfil;MYT;South Wales;SRW0;STG;9;ZYX6490;"Treharris, Merthyr Tydfil"
LD;Brecon;Powys;PWS;South Wales;SRW0;STG;6;ZYX3841;"Brecon, Powys"
LD;Builth Wells;Powys;PWS;South Wales;SRW0;STG;12;ZYX3951;"Builth Wells, Powys"
NP;Crickhowell;Powys;PWS;South Wales;SRW0;STG;11;ZYX4236;"Crickhowell, Powys"
LD;Llandrindod Wells;Powys;PWS;South Wales;SRW0;STG;17;ZYX5069;"Llandrindod Wells, Powys"
SY;Newtown;Powys;PWS;South Wales;SRW0;STG;7;ZYX5611;"Newtown, Powys"
CF;Aberdare;Rhondda Cynon Taf;RCT;South Wales;SRW0;STG;8;ZYX3623;"Aberdare, Rhondda Cynon Taff"
CF;Bridgend;Rhondda Cynon Taf;RCT;South Wales;SRW0;STG;8;ZYX3845;"Bridgend, Bridgend"
CF;Ferndale;Rhondda Cynon Taf;RCT;South Wales;SRW0;STG;8;ZYX4508;"Ferndale, Rhondda Cynon Taff"
CF;Mountain Ash;Rhondda Cynon Taf;RCT;South Wales;SRW0;STG;12;ZYX5507;"Mountain Ash, Rhondda Cynon Taff"
SA;Neath;Rhondda Cynon Taf;RCT;South Wales;SRW0;STG;5;ZYX5571;"Neath, Neath Port Talbot"
CF;Pentre;Rhondda Cynon Taf;RCT;South Wales;SRW0;STG;6;ZYX5755;"Pentre, Rhondda Cynon Taff"
CF;Pontyclun;Rhondda Cynon Taf;RCT;South Wales;SRW0;STG;9;ZYX5986;"Pontyclun, Rhondda Cynon Taff"
CF;Pontypridd;Rhondda Cynon Taf;RCT;South Wales;SRW0;STG;10;ZYX5991;"Pontypridd, Rhondda Cynon Taff"
CF;Porth;Rhondda Cynon Taf;RCT;South Wales;SRW0;STG;5;ZYX6005;"Porth, Rhondda Cynon Taff"
CF;Porthcawl;Rhondda Cynon Taf;RCT;South Wales;SRW0;STG;9;ZYX6007;"Porthcawl, Bridgend"
CF;Tonypandy;Rhondda Cynon Taf;RCT;South Wales;SRW0;STG;9;ZYX25029;"Tonypandy, Rhondda Cynon Taff"
EX;Axminster;East Devon;EDN;South West;SRW0;STG;9;ZYX6998;"Axminster, Devon"
EX;Budleigh Salterton;East Devon;EDN;South West;SRW0;STG;18;ZYX7640;"Budleigh Salterton, Devon"
EX;Colyton;East Devon;EDN;South West;SRW0;STG;7;ZYX8148;"Colyton, Devon"
EX;Exmouth;East Devon;EDN;South West;SRW0;STG;7;ZYX8837;"Exmouth, Devon"
EX;Honiton;East Devon;EDN;South West;SRW0;STG;7;ZYX9701;"Honiton, Devon"
EX;Seaton;East Devon;EDN;South West;SRW0;STG;6;ZYX11982;"Seaton, Devon"
EX;Sidmouth;East Devon;EDN;South West;SRW0;STG;8;ZYX12114;"Sidmouth, Devon"
EX;Crediton;Greater Exeter;GER;South West;SRW0;STG;8;ZYX8307;"Crediton, Devon"
EX;Cullompton;Greater Exeter;GER;South West;SRW0;STG;10;ZYX8376;"Cullompton, Devon"
EX;Exeter;Greater Exeter;GER;South West;SRW0;STG;6;ZYX8834;"Exeter, Devon"
EX;Ottery St. Mary;Greater Exeter;GER;South West;SRW0;STG;15;ZYX11199;"Ottery St Mary, Devon"
EX;Tiverton;Mid Devon;EDN;South West;SRW0;STG;8;ZYX12703;"Tiverton, Devon"
PL;Bodmin;North Cornwall;NCL;South West;SRW0;STG;6;ZYX7337;"Bodmin, Cornwall And Isles Of Scilly"
PL;Boscastle;North Cornwall;NCL;South West;SRW0;STG;9;ZYX7361;"Boscastle, Cornwall And Isles Of Scilly"
EX;Bude;North Cornwall;NCL;South West;SRW0;STG;4;ZYX7636;"Bude, Cornwall And Isles Of Scilly"
PL;Camelford;North Cornwall;NCL;South West;SRW0;STG;9;ZYX7751;"Camelford, Cornwall And Isles Of Scilly"
PL;Tintagel;North Cornwall;NCL;South West;SRW0;STG;8;ZYX12688;"Tintagel, Cornwall And Isles Of Scilly"
PL;Wadebridge;North Cornwall;NCL;South West;SRW0;STG;10;ZYX13162;"Wadebridge, Cornwall And Isles Of Scilly"
EX;Barnstaple;North Devon;NDN;South West;SRW0;STG;10;ZYX7060;"Barnstaple, Devon"
EX;Bideford;North Devon;NDN;South West;SRW0;STG;8;ZYX7220;"Bideford, Devon"
EX;Braunton;North Devon;NDN;South West;SRW0;STG;8;ZYX7474;"Braunton, Devon"
EX;Holsworthy;North Devon;NDN;South West;SRW0;STG;10;ZYX9680;"Holsworthy Beacon, Devon"
EX;Ilfracombe;North Devon;NDN;South West;SRW0;STG;10;ZYX9818;"Ilfracombe, Devon"
EX;Lynmouth;North Devon;NDN;South West;SRW0;STG;8;ZYX10466;"Lynmouth, Devon"
EX;Lynton;North Devon;NDN;South West;SRW0;STG;6;ZYX10468;"Lynton, Devon"
EX;South Molton;North Devon;NDN;South West;SRW0;STG;12;ZYX12213;"South Molton, Devon"
EX;Torrington;North Devon;NDN;South West;SRW0;STG;10;ZYX9170;"Great Torrington, Devon"
EX;Umberleigh;North Devon;NDN;South West;SRW0;STG;10;ZYX13025;"Umberleigh, Devon"
EX;Winkleigh;North Devon;NDN;South West;SRW0;STG;9;ZYX13591;"Winkleigh, Devon"
EX;Woolacombe;North Devon;NDN;South West;SRW0;STG;10;ZYX13710;"Woolacombe, Devon"
PL;Callington;Plymouth;PMH;South West;SRW0;STG;10;ZYX7734;"Callington, Cornwall And Isles Of Scilly"
PL;Calstock;Plymouth;PMH;South West;SRW0;STG;8;ZYX7741;"Calstock, Cornwall And Isles Of Scilly"
PL;Gunnislake;Plymouth;PMH;South West;SRW0;STG;10;ZYX9220;"Gunnislake, Cornwall And Isles Of Scilly"
PL;Ivybridge;Plymouth;PMH;South West;SRW0;STG;9;ZYX9851;"Ivybridge, Devon"
PL;Launceston;Plymouth;PMH;South West;SRW0;STG;10;ZYX10097;"Launceston, Cornwall And Isles Of Scilly"
PL;Plymouth;Plymouth;PMH;South West;SRW0;STG;8;ZYX11437;"Plymouth, Plymouth"
PL;Saltash;Plymouth;PMH;South West;SRW0;STG;7;ZYX11929;"Saltash, Cornwall And Isles Of Scilly"
PL;Tavistock;Plymouth;PMH;South West;SRW0;STG;9;ZYX12560;"Tavistock, Devon"
PL;Torpoint;Plymouth;PMH;South West;SRW0;STG;8;ZYX12735;"Torpoint, Cornwall And Isles Of Scilly"
PL;Yelverton;Plymouth;PMH;South West;SRW0;STG;9;ZYX13809;"Yelverton, Devon"
TA;Bridgwater;Somerset;SST;South West;SRW0;STG;10;ZYX7512;"Bridgwater, Somerset"
TA;Burnham-on-Sea;Somerset;SST;South West;SRW0;STG;14;ZYX7679;"Burnham-On-Sea, Somerset"
TA;Chard;Somerset;SST;South West;SRW0;STG;5;ZYX7860;"Chard, Somerset"
TA;Crewkerne;Somerset;SST;South West;SRW0;STG;9;ZYX8318;"Crewkerne, Somerset"
TA;Dulverton;Somerset;SST;South West;SRW0;STG;9;ZYX8552;"Dulverton, Somerset"
TA;Highbridge;Somerset;SST;South West;SRW0;STG;10;ZYX9511;"Highbridge, Somerset"
TA;Hinton St. George;Somerset;SST;South West;SRW0;STG;17;ZYX9632;"Hinton St George, Somerset"
TA;Ilminster;Somerset;SST;South West;SRW0;STG;9;ZYX9821;"Ilminster, Somerset"
TA;Langport;Somerset;SST;South West;SRW0;STG;8;ZYX10015;"Langport, Somerset"
TA;Martock;Somerset;SST;South West;SRW0;STG;7;ZYX10564;"Martock, Somerset"
TA;Merriott;Somerset;SST;South West;SRW0;STG;8;ZYX10630;"Merriottsford, Somerset"
TA;Minehead;Somerset;SST;South West;SRW0;STG;8;ZYX10719;"Minehead, Somerset"
TA;Montacute;Somerset;SST;South West;SRW0;STG;9;ZYX10756;"Montacute, Somerset"
TA;Somerton;Somerset;SST;South West;SRW0;STG;8;ZYX12181;"Somerton Hill, Somerset"
TA;South Petherton;Somerset;SST;South West;SRW0;STG;15;ZYX12216;"South Petherton, Somerset"
TA;Stoke-sub-Hamdon;Somerset;SST;South West;SRW0;STG;16;ZYX12412;"Stoke Sub Hamdon, Somerset"
TA;Taunton;Somerset;SST;South West;SRW0;STG;7;ZYX12559;"Taunton, Somerset"
TA;Watchet;Somerset;SST;South West;SRW0;STG;7;ZYX13195;"Watchet, Somerset"
TA;Wellington;Somerset;SST;South West;SRW0;STG;10;ZYX13263;"Wellington, Somerset"
TQ;Buckfastleigh;South Hams;SHS;South West;SRW0;STG;13;ZYX7614;"Buckfastleigh, Devon"
TQ;Dartmouth;South Hams;SHS;South West;SRW0;STG;9;ZYX8412;"Dartmouth, Devon"
TQ;Kingsbridge;South Hams;SHS;South West;SRW0;STG;11;ZYX9938;"Kingsbridge, Devon"
TQ;Salcombe;South Hams;SHS;South West;SRW0;STG;8;ZYX11923;"Salcombe, Devon"
TQ;South Brent;South Hams;SHS;South West;SRW0;STG;11;ZYX12192;"South Brent, Devon"
TQ;Totnes;South Hams;SHS;South West;SRW0;STG;6;ZYX12745;"Totnes, Devon"
EX;Dawlish;Teignbridge;TBE;South West;SRW0;STG;7;ZYX8416;"Dawlish, Devon"
TQ;Newton Abbot;Teignbridge;TBE;South West;SRW0;STG;12;ZYX10942;"Newton Abbot, Devon"
TQ;Teignmouth;Teignbridge;TBE;South West;SRW0;STG;10;ZYX12571;"Teignmouth, Devon"
TQ;Brixham;Torbay;TOR;South West;SRW0;STG;7;ZYX7528;"Brixham, Torbay"
TQ;Paignton;Torbay;TOR;South West;SRW0;STG;8;ZYX25635;"Paignton, Devon"
TQ;Torquay;Torbay;TOR;South West;SRW0;STG;7;ZYX12736;"Torquay, Torbay"
EX;Beaworthy;West Devon;WDN;South West;SRW0;STG;9;ZYX7137;"Beaworthy, Devon"
EX;Chulmleigh;West Devon;WDN;South West;SRW0;STG;10;ZYX7995;"Chulmleigh, Devon"
EX;North Tawton;West Devon;WDN;South West;SRW0;STG;12;ZYX11031;"North Tawton, Devon"
EX;Okehampton;West Devon;WDN;South West;SRW0;STG;10;ZYX11144;"Okehampton, Devon"
GL;Cheltenham;Cheltenham;CTM;West;"STG, STC, STW, STS";SOX;10;ZYX3548;"Cheltenham Town Centre, Gloucestershire"
GL;Cirencester;Cirencester;CIR;West;"STG, STC, STW, STS";SOX;11;ZYX8026;"Cirencester, Gloucestershire"
BS;Bristol;Gloucester;GLR;West;"STG, STC, STW, STS";SOX;7;ZYX7525;"Bristol, Bristol City of"
GL;Dursley;Stroud;STR;West;"STG, STC, STW, STS";SOX;7;ZYX8590;"Dursley Cross, Gloucestershire"
GL;Gloucester;Gloucester;GLR;West;"STG, STC, STW, STS";SOX;10;ZYX3584;"Gloucester City Centre, Gloucestershire"
HR;Hereford;Herefordshire;HFE;West;"STG, STC, STW, STS";SOX;8;ZYX25126;"Hereford, Herefordshire County of"
GL;Cinderford;Forest of Dean;FOD;West;"STG, STC, STW, STS";SOX;10;ZYX8025;"Cinderford, Gloucestershire"
GL;Mitcheldean;Forest of Dean;FOD;West;"STG, STC, STW, STS";SOX;11;ZYX10729;"Mitcheldean, Gloucestershire"
HR;Ross-on-Wye;Herefordshire;HFE;West;"STG, STC, STW, STS";SOX;11;ZYX15350;"Ross-On-Wye, Herefordshire County Of"
GL;Stonehouse;Stroud;STR;West;"STG, STC, STW, STS";SOX;10;ZYX3591;"Stonehouse, Gloucestershire"
GL;Stroud;Stroud;STR;West;"STG, STC, STW, STS";SOX;6;ZYX3587;"Stroud Town Centre, Gloucestershire"
SN;Devizes;Swindon;SDN;West;"STG, STC, STW, STS";SOX;7;ZYX8444;"Devizes, Wiltshire"
SN;Swindon;Swindon;SDN;West;"STG, STC, STW, STS";SOX;7;ZYX3564;"Swindon Town Centre, Wiltshire"
GL;Tewkesbury;Tewkesbury;TBY;West;"STG, STC, STW, STS";SOX;10;ZYX12587;"Tewkesbury, Gloucestershire"
HR;Ledbury;Herefordshire;HFE;West;"STG, STC, STW, STS";SOX;7;ZYX15352;"Ledbury, Herefordshire and Worcester"
GL;Coleford;Forest of Dean;FOD;West;"STG, STC, STW, STS";SOX;8;ZYX8122;"Coleford, Gloucestershire"
GL;Newent;Forest of Dean;FOD;West;"STG, STC, STW, STS";SOX;6;ZYX10919;"Newent, Gloucestershire"
GL;Lydney;Forest of Dean;FOD;West;"STG, STC, STW, STS";SOX;6;ZYX10482;"Lydney, Gloucestershire"
SN;Chippenham;Swindon;SDN;West;"STG, STC, STW, STS";SOX;10;ZYX7971;"Chippenham, Wiltshire"
BA;Trowbridge;Swindon;SDN;West;"STG, STC, STW, STS";SOX;10;ZYX3599;"Trowbridge Town Centre, Wiltshire"
SN;Faringdon;Swindon;SDN;West;"STG, STC, STW, STS";SOX;9;ZYX24147;"Faringdon, Oxfordshire"
KA;Ardrossan;Ayrshire & Arran;AAN;West Scotland;"SWB, SGL";"SNW, SIF";9;ZYX15612;"Ardrossan, North Ayrshire"
KA;Ayr;Ayrshire & Arran;AAN;West Scotland;"SWB, SGL";"SNW, SIF";3;ZYX15655;"Ayr, South Ayrshire"
KA;Beith;Ayrshire & Arran;AAN;West Scotland;"SWB, SGL";"SNW, SIF";5;ZYX15739;"Beith, North Ayrshire"
KA;Cumnock;Ayrshire & Arran;AAN;West Scotland;"SWB, SGL";"SNW, SIF";7;ZYX16111;"Cumnock, East Ayrshire"
KA;Dalry;Ayrshire & Arran;AAN;West Scotland;"SWB, SGL";"SNW, SIF";5;ZYX16135;"Dalry, North Ayrshire"
KA;Darvel;Ayrshire & Arran;AAN;West Scotland;"SWB, SGL";"SNW, SIF";6;ZYX16141;"Darvel, East Ayrshire"
KA;Galston;Ayrshire & Arran;AAN;West Scotland;"SWB, SGL";"SNW, SIF";7;ZYX16381;"Galston, East Ayrshire"
KA;Girvan;Ayrshire & Arran;AAN;West Scotland;"SWB, SGL";"SNW, SIF";6;ZYX16414;"Girvan, South Ayrshire"
PA;Greenock;Ayrshire & Arran;AAN;West Scotland;"SWB, SGL";"SNW, SIF";8;ZYX16469;"Greenock, Inverclyde"
KA;Irvine;Ayrshire & Arran;AAN;West Scotland;"SWB, SGL";"SNW, SIF";6;ZYX16573;"Irvine, North Ayrshire"
KA;Isle of Arran;Ayrshire & Arran;AAN;West Scotland;"SWB, SGL";"SNW, SIF";13;ZYX26849;Isle of Arran
KA;Isle of Cumbrae;Ayrshire & Arran;AAN;West Scotland;"SWB, SGL";"SNW, SIF";15;ZYX26848;Isle of Cumbrae
KA;Kilbirnie;Ayrshire & Arran;AAN;West Scotland;"SWB, SGL";"SNW, SIF";9;ZYX16616;"Kilbirnie, North Ayrshire"
KA;Kilmarnock;Ayrshire & Arran;AAN;West Scotland;"SWB, SGL";"SNW, SIF";10;ZYX16641;"Kilmarnock, East Ayrshire"
KA;Kilwinning;Ayrshire & Arran;AAN;West Scotland;"SWB, SGL";"SNW, SIF";10;ZYX16657;"Kilwinning, North Ayrshire"
KA;Largs;Ayrshire & Arran;AAN;West Scotland;"SWB, SGL";"SNW, SIF";5;ZYX16767;"Largs, North Ayrshire"
PA;Lochwinnoch;Ayrshire & Arran;AAN;West Scotland;"SWB, SGL";"SNW, SIF";11;ZYX16847;"Lochwinnoch, Renfrewshire"
KA;Mauchline;Ayrshire & Arran;AAN;West Scotland;"SWB, SGL";"SNW, SIF";9;ZYX16912;"Mauchline, East Ayrshire"
KA;Maybole;Ayrshire & Arran;AAN;West Scotland;"SWB, SGL";"SNW, SIF";7;ZYX16915;"Maybole, South Ayrshire"
KA;Newmilns;Ayrshire & Arran;AAN;West Scotland;"SWB, SGL";"SNW, SIF";8;ZYX17040;"Newmilns, East Ayrshire"
KA;Prestwick;Ayrshire & Arran;AAN;West Scotland;"SWB, SGL";"SNW, SIF";9;ZYX17187;"Prestwick, South Ayrshire"
KA;Saltcoats;Ayrshire & Arran;AAN;West Scotland;"SWB, SGL";"SNW, SIF";9;ZYX17267;"Saltcoats, North Ayrshire"
PA;Skermorlie;Ayrshire & Arran;AAN;West Scotland;"SWB, SGL";"SNW, SIF";10;ZYX17314;Skelmorlie
KA;Stevenston;Ayrshire & Arran;AAN;West Scotland;"SWB, SGL";"SNW, SIF";10;ZYX17375;"Stevenston, North Ayrshire"
KA;Troon;Ayrshire & Arran;AAN;West Scotland;"SWB, SGL";"SNW, SIF";5;ZYX17493;"Troon, South Ayrshire"
PA;Wemyss Bay;Ayrshire & Arran;AAN;West Scotland;"SWB, SGL";"SNW, SIF";10;ZYX17544;"Wemyss Bay, Inverclyde"
KA;West Kilbride;Ayrshire & Arran;AAN;West Scotland;"SWB, SGL";"SNW, SIF";13;ZYX17548;"West Kilbride, North Ayrshire"
DG;Canonbie;Dumfries & Galloway;DFG;West Scotland;"SWB, SGL";"SNW, SIF";8;ZYX15904;"Canonbie, Dumfries & Galloway"
DG;Castle Douglas;Dumfries & Galloway;DFG;West Scotland;"SWB, SGL";"SNW, SIF";14;ZYX15941;"Castle Douglas, Dumfries & Galloway"
DG;Dalbeattie;Dumfries & Galloway;DFG;West Scotland;"SWB, SGL";"SNW, SIF";10;ZYX16119;"Dalbeattie, Dumfries & Galloway"
DG;Dumfries;Dumfries & Galloway;DFG;West Scotland;"SWB, SGL";"SNW, SIF";8;ZYX16204;"Dumfries, Dumfries & Galloway"
DG;Kirkcudbright;Dumfries & Galloway;DFG;West Scotland;"SWB, SGL";"SNW, SIF";13;ZYX16707;"Kirkcudbright, Dumfries & Galloway"
DG;Langholm;Dumfries & Galloway;DFG;West Scotland;"SWB, SGL";"SNW, SIF";8;ZYX16763;"Langholm, Dumfries & Galloway"
DG;Lockerbie;Dumfries & Galloway;DFG;West Scotland;"SWB, SGL";"SNW, SIF";9;ZYX16848;"Lockerbie, Dumfries & Galloway"
DG;Moffat;Dumfries & Galloway;DFG;West Scotland;"SWB, SGL";"SNW, SIF";6;ZYX16961;"Moffat, Dumfries & Galloway"
DG;Newton Stewart;Dumfries & Galloway;DFG;West Scotland;"SWB, SGL";"SNW, SIF";14;ZYX17046;"Newton Stewart, Dumfries & Galloway"
DG;Sanquhar;Dumfries & Galloway;DFG;West Scotland;"SWB, SGL";"SNW, SIF";8;ZYX17276;"Sanquhar, Dumfries & Galloway"
DG;Stranraer;Dumfries & Galloway;DFG;West Scotland;"SWB, SGL";"SNW, SIF";9;ZYX17390;"Stranraer, Dumfries & Galloway"
DG;Thornhill;Dumfries & Galloway;DFG;West Scotland;"SWB, SGL";"SNW, SIF";9;ZYX17441;"Thornhill, Dumfries & Galloway"
G;Glasgow;Glasgow;GGW;West Scotland;"SWB, SGL";"SNW, SIF";7;ZYX16418;"Glasgow, Glasgow City"
S;Barnsley;Barnsley;BSY;Yorkshire;"YTC, SYC";"STM, SNE";8;ZYX1725;"Barnsley, Barnsley"
HD;Holmfirth;Barnsley;BSY;Yorkshire;"YTC, SYC";"STM, SNE";9;ZYX1166;"Holmfirth, Kirklees"
DE;Alfreton;Chesterfield;CFD;Yorkshire;"YTC, SYC";"STM, SNE";8;ZYX24179;"Alfreton, Derbyshire"
DE;Bakewell;Chesterfield;CFD;Yorkshire;"YTC, SYC";"STM, SNE";8;ZYX24131;"Bakewell, Derbyshire"
DE;Belper;Chesterfield;CFD;Yorkshire;"YTC, SYC";"STM, SNE";6;ZYX24164;"Belper, Derbyshire"
S;Chesterfield;Chesterfield;CFD;Yorkshire;"YTC, SYC";"STM, SNE";12;ZYX24173;"Chesterfield, Derbyshire"
DE;Derby;Chesterfield;CFD;Yorkshire;"YTC, SYC";"STM, SNE";5;ZYX24163;"Derby, Derby"
DE;Matlock;Chesterfield;CFD;Yorkshire;"YTC, SYC";"STM, SNE";7;ZYX24153;"Matlock, Derbyshire"
DE;Ripley;Chesterfield;CFD;Yorkshire;"YTC, SYC";"STM, SNE";6;ZYX220;"Ripley, North Yorkshire"
DN;Doncaster;Doncaster;DCR;Yorkshire;"YTC, SYC";"STM, SNE";9;ZYX1726;"Doncaster, Doncaster"
S;Mexborough;Doncaster;DCR;Yorkshire;"YTC, SYC";"STM, SNE";10;ZYX1693;"Mexborough, Doncaster"
S;Dronfield;Dronfield;DFD;Yorkshire;"YTC, SYC";"STM, SNE";9;ZYX24166;"Dronfield, Derbyshire"
S;Rotherham;Rotherham;RHM;Yorkshire;"YTC, SYC";"STM, SNE";9;ZYX1696;"Rotherham, Rotherham"
S;Hope Valley;Sheffield;SHD;Yorkshire;"YTC, SYC";"STM, SNE";11;ZYX26837;Hope Valley
S;Sheffield;Sheffield;SHD;Yorkshire;"YTC, SYC";"STM, SNE";9;ZYX1574;"Sheffield, Sheffield"
WF;Castleford;Wakefield;WFD;Yorkshire;"YTC, SYC";"STM, SNE";10;ZYX1159;"Castleford, Wakefield"
WF;Knottingley;Wakefield;WFD;Yorkshire;"YTC, SYC";"STM, SNE";11;ZYX1603;"Knottingley, Wakefield"
LS;Leeds;Wakefield;WFD;Yorkshire;"YTC, SYC";"STM, SNE";5;ZYX1217;"Leeds City Centre, Leeds"
WF;Normanton;Wakefield;WFD;Yorkshire;"YTC, SYC";"STM, SNE";9;ZYX1395;"Normanton, Wakefield"
WF;Ossett;Wakefield;WFD;Yorkshire;"YTC, SYC";"STM, SNE";6;ZYX1570;"Ossett Spa, Wakefield"
WF;Pontefract;Wakefield;WFD;Yorkshire;"YTC, SYC";"STM, SNE";10;ZYX1606;"Pontefract, Wakefield"
WF;Wakefield;Wakefield;WFD;Yorkshire;"YTC, SYC";"STM, SNE";9;ZYX1147;"Wakefield, Wakefield"